-- MySQL dump 10.13  Distrib 5.6.24, for osx10.8 (x86_64)
--
-- Host: 127.0.0.1    Database: bookingdb
-- ------------------------------------------------------
-- Server version	5.6.25

/*!40101 SET @OLD_CHARACTER_SET_CLIENT=@@CHARACTER_SET_CLIENT */;
/*!40101 SET @OLD_CHARACTER_SET_RESULTS=@@CHARACTER_SET_RESULTS */;
/*!40101 SET @OLD_COLLATION_CONNECTION=@@COLLATION_CONNECTION */;
/*!40101 SET NAMES utf8 */;
/*!40103 SET @OLD_TIME_ZONE=@@TIME_ZONE */;
/*!40103 SET TIME_ZONE='+00:00' */;
/*!40014 SET @OLD_UNIQUE_CHECKS=@@UNIQUE_CHECKS, UNIQUE_CHECKS=0 */;
/*!40014 SET @OLD_FOREIGN_KEY_CHECKS=@@FOREIGN_KEY_CHECKS, FOREIGN_KEY_CHECKS=0 */;
/*!40101 SET @OLD_SQL_MODE=@@SQL_MODE, SQL_MODE='NO_AUTO_VALUE_ON_ZERO' */;
/*!40111 SET @OLD_SQL_NOTES=@@SQL_NOTES, SQL_NOTES=0 */;

--
-- Table structure for table `addmt`
--

DROP TABLE IF EXISTS `addmt`;
/*!40101 SET @saved_cs_client     = @@character_set_client */;
/*!40101 SET character_set_client = utf8 */;
CREATE TABLE `addmt` (
  `ADRID` bigint(16) NOT NULL AUTO_INCREMENT COMMENT 'Address ID',
  `STREET` varchar(100) DEFAULT NULL COMMENT 'Street',
  `LNDMK` varchar(40) DEFAULT NULL COMMENT 'Landmark',
  `LOCLT` varchar(40) DEFAULT NULL COMMENT 'Locality',
  `CTYID` varchar(100) DEFAULT NULL COMMENT 'City ID',
  `CNTRY` varchar(100) DEFAULT NULL,
  `PINCD` char(6) DEFAULT NULL COMMENT 'Pincode',
  `LONGT` decimal(9,7) DEFAULT NULL COMMENT 'Longitude',
  `LATIT` decimal(9,7) DEFAULT NULL COMMENT 'Latitude',
  `CHNDT` datetime DEFAULT NULL COMMENT 'Changed Date',
  `CRTDT` datetime NOT NULL COMMENT 'Created Date',
  `ACTIV` tinyint(1) DEFAULT '1' COMMENT 'ON/OFF',
  `CHNBY` bigint(16) DEFAULT NULL COMMENT 'Changed By',
  `CRTBY` bigint(16) NOT NULL COMMENT 'Created By',
  PRIMARY KEY (`ADRID`),
  KEY `CTYID` (`CTYID`)
) ENGINE=InnoDB AUTO_INCREMENT=27 DEFAULT CHARSET=latin1 COMMENT='Address Master';
/*!40101 SET character_set_client = @saved_cs_client */;

--
-- Dumping data for table `addmt`
--

LOCK TABLES `addmt` WRITE;
/*!40000 ALTER TABLE `addmt` DISABLE KEYS */;
INSERT INTO `addmt` VALUES (1,'17-B, Main Road','Near China Land','Koramangala','1',NULL,'560030',12.9354509,77.6321925,NULL,'2015-07-17 00:00:00',1,NULL,1),(2,'80 Feet Road, K M Road, 25','Koramangala Indoor Stadium','Koramangala','1',NULL,'560001',12.9327202,77.6169384,NULL,'2015-07-18 00:00:00',1,NULL,1),(3,'CA-17, 6th Cross, 6th Block','Opp The Koramangala Club','Koramangala','1',NULL,'560095',12.9327202,77.6169384,NULL,'2015-07-18 00:00:00',1,NULL,1),(4,'National Games Housing Complex, KHB','Near NGV Club','Koramangala ','1',NULL,'560047',12.9327202,77.6169384,NULL,'2015-07-18 00:00:00',1,NULL,1),(5,'18th Main Road','Opp Vapour Pub and Brewery','Indiranagar','1',NULL,'560038',12.9731050,77.6382550,NULL,'2015-07-23 00:00:00',1,0,1),(6,'12th Main Road, 2nd Stage','Near Jimi\'s Beer Cafe','Indira Nagar','1',NULL,'560038',12.9731050,77.6382550,NULL,'2015-07-23 00:00:00',1,NULL,1),(7,'No. 4005, 100 Feet Rd, HAL','Opp Barbeque Nation','Indiranagar','1',NULL,'560038',12.9714864,77.6352165,NULL,'2015-07-23 00:00:00',1,1,0),(8,'Sagar Hospitals','44/54, 30th Cross','Tilaknagar,Jayanagar','1',NULL,'560041',12.9288643,77.6000954,NULL,'2015-07-23 00:00:00',1,1,0),(9,'Nethradhama Superspeciality Eye Hospital','256/14, Kanakapura Main Road, 7th Block','Jayanagar','1',NULL,'560082',12.9245657,77.5820553,NULL,'2015-07-23 00:00:00',1,1,0),(10,'Cloudnine, 1533, 9th Main','3rd Block','Jayanagar','1',NULL,'560011',12.9337936,77.5824083,NULL,'2015-07-23 00:00:00',1,1,0),(11,'Bangalore Hospital','202, Rashtriya Vidyalaya Road','Basavanagudi','1',NULL,'560004',12.9337936,77.5824083,NULL,'2015-07-23 00:00:00',1,1,0),(12,'Fortis Hospital','154/9, Bannerghatta Road','Opposite IIM-B','1',NULL,'560076',12.8947687,77.5986457,NULL,'2015-07-23 00:00:00',1,1,0),(13,'Nano Hospitals','No 79, Sir M Visveswaraya Rd','DLF City Road','1',NULL,'560076',12.8804629,77.6095425,NULL,'2015-07-23 00:00:00',1,1,0),(14,'Vasan Eye Care','DPS Tower, No.40, 1st Floor,Above ICICI ','Bannerghatta Road,Arekere','1',NULL,'560076',12.8823613,77.5962670,NULL,'2015-07-23 00:00:00',1,1,0),(15,'somestreet','someLM','someLocality','SomeCity',NULL,'560103',20.0000000,19.0000000,'2015-07-29 00:23:01','2015-07-29 00:23:01',1,58,58),(16,'somestreet','someLM','someLocality','SomeCity',NULL,'560103',20.0000000,19.0000000,'2015-07-30 23:42:07','2015-07-30 23:42:07',1,58,58),(17,'somestreet','someLM','someLocality','SomeCity',NULL,'560103',20.0000000,19.0000000,'2015-07-30 23:44:04','2015-07-30 23:44:04',1,58,58),(18,'somestreet','someLM','someLocality','SomeCity',NULL,'560103',20.0000000,19.0000000,'2015-07-30 23:44:33','2015-07-30 23:44:33',1,58,58),(19,'somestreet','someLM','someLocality','SomeCity',NULL,'560103',20.0000000,19.0000000,'2015-07-30 23:45:20','2015-07-30 23:45:20',1,58,58),(20,'somestreet','someLM','someLocality','SomeCity',NULL,'560103',20.0000000,19.0000000,'2015-07-30 23:45:41','2015-07-30 23:45:41',1,58,58),(21,'somestreet','someLM','someLocality','SomeCity',NULL,'560103',20.0000000,19.0000000,'2015-07-30 23:46:12','2015-07-30 23:46:12',1,58,58),(22,'somestreet','someLM','someLocality','SomeCity',NULL,'560103',20.0000000,19.0000000,'2015-07-30 23:50:25','2015-07-30 23:50:25',1,58,58),(23,'somestreet','someLM','someLocality','SomeCity',NULL,'560103',20.0000000,19.0000000,'2015-08-01 14:10:37','2015-08-01 14:10:37',1,58,58),(24,'','','','',NULL,'',0.0000000,0.0000000,'2015-09-13 14:31:20','2015-09-13 14:31:20',1,88,88),(25,'','','','',NULL,'',0.0000000,0.0000000,'2015-09-13 14:31:40','2015-09-13 14:31:40',1,88,88),(26,'','','','',NULL,'',0.0000000,0.0000000,'2015-09-13 14:32:45','2015-09-13 14:32:45',1,88,88);
/*!40000 ALTER TABLE `addmt` ENABLE KEYS */;
UNLOCK TABLES;

--
-- Table structure for table `aprmp`
--

DROP TABLE IF EXISTS `aprmp`;
/*!40101 SET @saved_cs_client     = @@character_set_client */;
/*!40101 SET character_set_client = utf8 */;
CREATE TABLE `aprmp` (
  `MPNID` bigint(16) NOT NULL AUTO_INCREMENT COMMENT 'Mapping ID',
  `ACCID` bigint(16) NOT NULL COMMENT 'Account ID',
  `PRVID` int(3) NOT NULL COMMENT 'Privacy Rule ID',
  `ACTIV` tinyint(1) NOT NULL DEFAULT '1' COMMENT 'On / Off',
  `CRTDT` datetime NOT NULL COMMENT 'Created Date',
  `CRTBY` bigint(16) NOT NULL COMMENT 'Created By',
  `CHNDT` datetime DEFAULT NULL COMMENT 'Changed Date',
  `CHNBY` bigint(16) DEFAULT NULL COMMENT 'Changed By',
  PRIMARY KEY (`MPNID`),
  KEY `PRVID` (`PRVID`),
  KEY `ACCID` (`ACCID`),
  CONSTRAINT `aprmp_ibfk_1` FOREIGN KEY (`PRVID`) REFERENCES `prlmt` (`PRVID`),
  CONSTRAINT `aprmp_ibfk_2` FOREIGN KEY (`ACCID`) REFERENCES `uacmt` (`USRID`)
) ENGINE=InnoDB DEFAULT CHARSET=latin1 COMMENT='Account Privacy Rule Mapping';
/*!40101 SET character_set_client = @saved_cs_client */;

--
-- Dumping data for table `aprmp`
--

LOCK TABLES `aprmp` WRITE;
/*!40000 ALTER TABLE `aprmp` DISABLE KEYS */;
/*!40000 ALTER TABLE `aprmp` ENABLE KEYS */;
UNLOCK TABLES;

--
-- Table structure for table `aurmp`
--

DROP TABLE IF EXISTS `aurmp`;
/*!40101 SET @saved_cs_client     = @@character_set_client */;
/*!40101 SET character_set_client = utf8 */;
CREATE TABLE `aurmp` (
  `MPNID` int(3) NOT NULL AUTO_INCREMENT COMMENT 'Mapping ID',
  `ROLID` int(3) NOT NULL COMMENT 'Role ID',
  `AUTID` int(3) NOT NULL COMMENT 'Auth ID',
  `CREAT` tinyint(1) NOT NULL DEFAULT '0' COMMENT 'Create',
  `READ` tinyint(1) NOT NULL DEFAULT '0' COMMENT 'Read',
  `UPDAT` tinyint(1) NOT NULL DEFAULT '0' COMMENT 'Update',
  `DELET` tinyint(1) NOT NULL DEFAULT '0' COMMENT 'Delete',
  `ACTIV` tinyint(1) DEFAULT '1' COMMENT 'Active FlagTrue / False',
  `CHNDT` datetime DEFAULT NULL COMMENT 'Changed Date',
  `CRTDT` datetime NOT NULL COMMENT 'Created Date',
  `CHNBY` bigint(16) DEFAULT NULL COMMENT 'Changed By',
  `CRTBY` bigint(16) NOT NULL COMMENT 'Created By',
  PRIMARY KEY (`MPNID`),
  KEY `AUTID` (`AUTID`),
  KEY `ROLID` (`ROLID`),
  CONSTRAINT `aurmp_ibfk_1` FOREIGN KEY (`AUTID`) REFERENCES `autmt` (`AUTID`),
  CONSTRAINT `aurmp_ibfk_2` FOREIGN KEY (`ROLID`) REFERENCES `rolmt` (`ROLID`)
) ENGINE=InnoDB AUTO_INCREMENT=45 DEFAULT CHARSET=latin1 COMMENT='AUth Object Role Master Mapping';
/*!40101 SET character_set_client = @saved_cs_client */;

--
-- Dumping data for table `aurmp`
--

LOCK TABLES `aurmp` WRITE;
/*!40000 ALTER TABLE `aurmp` DISABLE KEYS */;
INSERT INTO `aurmp` VALUES (1,1,1,1,1,1,1,1,NULL,'2015-07-26 00:00:00',NULL,1),(2,1,2,1,1,1,1,1,NULL,'2015-07-26 00:00:00',NULL,1),(3,1,3,1,1,1,1,1,NULL,'2015-07-26 00:00:00',NULL,1),(4,1,4,1,1,1,1,1,NULL,'2015-07-26 00:00:00',NULL,1),(5,1,5,1,1,1,1,1,NULL,'2015-07-26 00:00:00',NULL,1),(6,1,6,1,1,1,1,1,NULL,'2015-07-26 00:00:00',NULL,1),(7,1,7,1,1,1,1,1,NULL,'2015-07-26 00:00:00',NULL,1),(8,1,8,1,1,1,1,1,NULL,'2015-07-26 00:00:00',NULL,1),(9,1,9,1,1,1,1,1,NULL,'2015-07-26 00:00:00',NULL,1),(10,1,10,1,1,1,1,1,NULL,'2015-07-26 00:00:00',NULL,1),(11,1,11,1,1,1,1,1,NULL,'2015-07-26 00:00:00',NULL,1),(12,1,12,1,1,1,1,1,NULL,'2015-07-26 00:00:00',NULL,1),(13,1,13,1,1,1,1,1,NULL,'2015-07-26 00:00:00',NULL,1),(14,1,14,1,1,1,1,1,NULL,'2015-07-26 00:00:00',NULL,1),(16,2,1,1,1,1,1,1,NULL,'2015-07-26 00:00:00',NULL,1),(17,2,2,1,1,1,1,1,NULL,'2015-07-26 00:00:00',NULL,1),(18,2,3,1,1,1,1,1,NULL,'2015-07-26 00:00:00',NULL,1),(19,2,4,1,1,1,1,1,NULL,'2015-07-26 00:00:00',NULL,1),(20,2,5,1,1,1,1,1,NULL,'2015-07-26 00:00:00',NULL,1),(21,2,6,1,1,1,1,1,NULL,'2015-07-26 00:00:00',NULL,1),(22,2,7,1,1,1,1,1,NULL,'2015-07-26 00:00:00',NULL,1),(23,2,8,1,1,1,1,1,NULL,'2015-07-26 00:00:00',NULL,1),(24,2,9,1,1,1,1,1,NULL,'2015-07-26 00:00:00',NULL,1),(25,2,10,1,1,1,1,1,NULL,'2015-07-26 00:00:00',NULL,1),(26,2,11,1,1,1,1,1,NULL,'2015-07-26 00:00:00',NULL,1),(27,2,12,1,1,1,1,1,NULL,'2015-07-26 00:00:00',NULL,1),(28,2,13,1,1,1,1,1,NULL,'2015-07-26 00:00:00',NULL,1),(29,2,14,1,1,1,1,1,NULL,'2015-07-26 00:00:00',NULL,1),(31,3,1,1,1,1,1,1,NULL,'2015-07-26 00:00:00',NULL,1),(32,3,2,1,1,1,1,1,NULL,'2015-07-26 00:00:00',NULL,1),(33,3,3,1,1,1,1,1,NULL,'2015-07-26 00:00:00',NULL,1),(34,3,4,1,1,1,1,1,NULL,'2015-07-26 00:00:00',NULL,1),(35,3,5,1,1,1,1,1,NULL,'2015-07-26 00:00:00',NULL,1),(36,3,6,1,1,1,1,1,NULL,'2015-07-26 00:00:00',NULL,1),(37,3,7,1,1,1,1,1,NULL,'2015-07-26 00:00:00',NULL,1),(38,3,8,1,1,1,1,1,NULL,'2015-07-26 00:00:00',NULL,1),(39,3,9,1,1,1,1,1,NULL,'2015-07-26 00:00:00',NULL,1),(40,3,10,1,1,1,1,1,NULL,'2015-07-26 00:00:00',NULL,1),(41,3,11,1,1,1,1,1,NULL,'2015-07-26 00:00:00',NULL,1),(42,3,12,1,1,1,1,1,NULL,'2015-07-26 00:00:00',NULL,1),(43,3,13,1,1,1,1,1,NULL,'2015-07-26 00:00:00',NULL,1),(44,3,14,1,1,1,1,1,NULL,'2015-07-26 00:00:00',NULL,1);
/*!40000 ALTER TABLE `aurmp` ENABLE KEYS */;
UNLOCK TABLES;

--
-- Table structure for table `autmt`
--

DROP TABLE IF EXISTS `autmt`;
/*!40101 SET @saved_cs_client     = @@character_set_client */;
/*!40101 SET character_set_client = utf8 */;
CREATE TABLE `autmt` (
  `AUTID` int(3) NOT NULL AUTO_INCREMENT COMMENT 'Auth ID',
  `DESCR` varchar(100) NOT NULL COMMENT 'Description',
  `ACTIV` tinyint(1) NOT NULL DEFAULT '1' COMMENT 'Active Flag',
  `CRTDT` datetime NOT NULL COMMENT 'Created Date',
  `CHNDT` datetime DEFAULT NULL COMMENT 'Changed Date',
  `CHNBY` bigint(16) DEFAULT NULL COMMENT 'Changed By',
  `CRTBY` bigint(16) NOT NULL COMMENT 'Created By',
  PRIMARY KEY (`AUTID`)
) ENGINE=InnoDB AUTO_INCREMENT=15 DEFAULT CHARSET=latin1 COMMENT='Auth Master';
/*!40101 SET character_set_client = @saved_cs_client */;

--
-- Dumping data for table `autmt`
--

LOCK TABLES `autmt` WRITE;
/*!40000 ALTER TABLE `autmt` DISABLE KEYS */;
INSERT INTO `autmt` VALUES (1,'User\'s Own Profile Page',1,'2015-07-26 00:00:00',NULL,NULL,1),(2,'Other User\'s Profile Page',1,'2015-07-26 00:00:00',NULL,NULL,1),(3,'User Entity Entry Page',1,'2015-07-26 00:00:00',NULL,NULL,1),(4,'Entity Search Page',1,'2015-07-26 00:00:00',NULL,NULL,1),(5,'Vendor List Page',1,'2015-07-26 00:00:00',NULL,NULL,1),(6,'Rule Master Page',1,'2015-07-26 00:00:00',NULL,NULL,1),(7,'Role Master Page',1,'2015-07-26 00:00:00',NULL,NULL,1),(8,'User Type Master Page',1,'2015-07-26 00:00:00',NULL,NULL,1),(9,'Entity Type Master Page',1,'2015-07-26 00:00:00',NULL,NULL,1),(10,'Entity Category Master Page',1,'2015-07-26 00:00:00',NULL,NULL,1),(11,'Entity Master Page',1,'2015-07-26 00:00:00',NULL,NULL,1),(12,'Intent Type Master Page',1,'2015-07-26 00:00:00',NULL,NULL,1),(13,'Intent Category Master Page',1,'2015-07-26 00:00:00',NULL,NULL,1),(14,'Intent Master Page',1,'2015-07-26 00:00:00',NULL,NULL,1);
/*!40000 ALTER TABLE `autmt` ENABLE KEYS */;
UNLOCK TABLES;

--
-- Table structure for table `chrmt`
--

DROP TABLE IF EXISTS `chrmt`;
/*!40101 SET @saved_cs_client     = @@character_set_client */;
/*!40101 SET character_set_client = utf8 */;
CREATE TABLE `chrmt` (
  `CHRID` int(3) NOT NULL AUTO_INCREMENT COMMENT 'Chr Type ID',
  `DESCR` varchar(40) DEFAULT NULL COMMENT 'Description',
  `REGXT` char(10) DEFAULT NULL COMMENT 'Regular Experession Type',
  `MDTEXT` varchar(15) DEFAULT NULL COMMENT 'Medium Text',
  `LNTXT` varchar(20) DEFAULT NULL COMMENT 'Long Text',
  `SRTXT` varchar(10) DEFAULT NULL COMMENT 'Short Text',
  `LOGOI` varchar(100) DEFAULT NULL COMMENT 'Logo Image URL',
  `ACTIV` tinyint(1) NOT NULL DEFAULT '1' COMMENT 'on/off',
  `CRTDT` datetime NOT NULL COMMENT 'Created Date',
  `CHNDT` datetime DEFAULT NULL COMMENT 'Changed Date',
  `CRTBY` bigint(16) NOT NULL COMMENT 'Created By',
  `CHNBY` bigint(16) DEFAULT NULL COMMENT 'Changed By',
  PRIMARY KEY (`CHRID`)
) ENGINE=InnoDB AUTO_INCREMENT=12 DEFAULT CHARSET=latin1 COMMENT='Charactiristics Type Master';
/*!40101 SET character_set_client = @saved_cs_client */;

--
-- Dumping data for table `chrmt`
--

LOCK TABLES `chrmt` WRITE;
/*!40000 ALTER TABLE `chrmt` DISABLE KEYS */;
INSERT INTO `chrmt` VALUES (1,'Facebook','url','Facebook','Facebook','FB','facebook.png',1,'2015-07-18 00:00:00',NULL,1,NULL),(2,'Twitter','url','Twitter','Twitter','TW','twitter.png',1,'2015-07-18 00:00:00',NULL,1,NULL),(3,'Google+','url','Google+','Google+','TW','googleplus.png',1,'2015-07-18 00:00:00',NULL,1,NULL),(4,'Personal Email','email','Personal Email','Personal Email','Email','email.png',1,'2015-07-18 00:00:00',NULL,1,NULL),(5,'Business Email','email','Business Email','Business Email','B-Email','email.png',1,'2015-07-18 00:00:00',NULL,1,NULL),(6,'Landline','phone','Landline','Landline','Phone','phone.png',1,'2015-07-18 00:00:00',NULL,1,NULL),(7,'Mobile','mobile','Mobile','Mobile','Mobile','mobile.png',1,'2015-07-18 00:00:00',NULL,1,NULL),(8,'Image','img','Image','Image','Image','img.png',1,'2015-07-18 00:00:00',NULL,1,NULL),(9,'Important','flag','Important','Important','Important','important.png',1,'2015-07-19 00:00:00',NULL,1,NULL),(10,'Icon','icon','Icon','Icon','Icon','icon.png',1,'2015-07-19 00:00:00',NULL,1,NULL),(11,'Fav Char','uid','fav char','fav char','uid','uid.png',1,'2015-01-01 00:00:00','2015-01-01 00:00:00',1,1);
/*!40000 ALTER TABLE `chrmt` ENABLE KEYS */;
UNLOCK TABLES;

--
-- Table structure for table `cinmp`
--

DROP TABLE IF EXISTS `cinmp`;
/*!40101 SET @saved_cs_client     = @@character_set_client */;
/*!40101 SET character_set_client = utf8 */;
CREATE TABLE `cinmp` (
  `MPNID` bigint(16) NOT NULL AUTO_INCREMENT COMMENT 'Mapping ID',
  `USRID` bigint(16) NOT NULL COMMENT 'User ID',
  `ITYID` int(11) NOT NULL COMMENT 'Intent Type ID',
  `ITCMT` int(11) NOT NULL COMMENT 'Intent Category ID',
  `INTID` int(11) NOT NULL COMMENT 'Intent ID',
  `UTYID` int(11) NOT NULL COMMENT 'User Type ID',
  `ACTIV` tinyint(1) NOT NULL DEFAULT '1' COMMENT 'Active FlagTrue / False',
  `CRTDT` datetime NOT NULL COMMENT 'Created Date',
  `CRTBY` bigint(16) NOT NULL COMMENT 'Created By',
  `CHNDT` datetime DEFAULT NULL COMMENT 'Changed Date',
  `CHNBY` bigint(16) DEFAULT NULL COMMENT 'Changed By',
  PRIMARY KEY (`MPNID`),
  KEY `INTID` (`INTID`),
  KEY `ITCMT` (`ITCMT`),
  KEY `ITYID` (`ITYID`),
  KEY `USRID` (`USRID`),
  KEY `UTYID` (`UTYID`),
  CONSTRAINT `cinmp_ibfk_1` FOREIGN KEY (`INTID`) REFERENCES `intmt` (`INTID`),
  CONSTRAINT `cinmp_ibfk_2` FOREIGN KEY (`ITCMT`) REFERENCES `itcmt` (`ITCMT`),
  CONSTRAINT `cinmp_ibfk_3` FOREIGN KEY (`ITYID`) REFERENCES `itymt` (`ITYID`),
  CONSTRAINT `cinmp_ibfk_4` FOREIGN KEY (`USRID`) REFERENCES `usrmt` (`USRID`),
  CONSTRAINT `cinmp_ibfk_5` FOREIGN KEY (`UTYID`) REFERENCES `utymt` (`UTYID`)
) ENGINE=InnoDB DEFAULT CHARSET=latin1 COMMENT='Consumer Intent Mapping Table';
/*!40101 SET character_set_client = @saved_cs_client */;

--
-- Dumping data for table `cinmp`
--

LOCK TABLES `cinmp` WRITE;
/*!40000 ALTER TABLE `cinmp` DISABLE KEYS */;
/*!40000 ALTER TABLE `cinmp` ENABLE KEYS */;
UNLOCK TABLES;

--
-- Table structure for table `cntmt`
--

DROP TABLE IF EXISTS `cntmt`;
/*!40101 SET @saved_cs_client     = @@character_set_client */;
/*!40101 SET character_set_client = utf8 */;
CREATE TABLE `cntmt` (
  `CNTID` bigint(4) NOT NULL AUTO_INCREMENT COMMENT 'Country ID',
  `CNTNM` varchar(40) NOT NULL COMMENT 'Country Name',
  `ACTIV` tinyint(1) NOT NULL DEFAULT '1' COMMENT 'Active Flag',
  `CRTDT` datetime NOT NULL COMMENT 'Created Date',
  `CRTBY` bigint(16) NOT NULL COMMENT 'Created By',
  `CHNDT` datetime DEFAULT NULL COMMENT 'Changed Date',
  `CHNBY` bigint(16) DEFAULT NULL COMMENT 'Changed By',
  PRIMARY KEY (`CNTID`)
) ENGINE=InnoDB AUTO_INCREMENT=13 DEFAULT CHARSET=latin1 COMMENT='Country Master';
/*!40101 SET character_set_client = @saved_cs_client */;

--
-- Dumping data for table `cntmt`
--

LOCK TABLES `cntmt` WRITE;
/*!40000 ALTER TABLE `cntmt` DISABLE KEYS */;
INSERT INTO `cntmt` VALUES (1,'Afghanistan',1,'2015-07-17 00:00:00',1,NULL,NULL),(2,'Albania',1,'2015-07-17 00:00:00',1,NULL,NULL),(3,'Australia',1,'2015-07-17 00:00:00',1,NULL,NULL),(4,'Austria',1,'2015-07-17 00:00:00',1,NULL,NULL),(5,'Bangladesh',1,'2015-07-17 00:00:00',1,NULL,NULL),(6,'Cambodia',1,'2015-07-17 00:00:00',1,NULL,NULL),(7,'Denmark',1,'2015-07-17 00:00:00',1,NULL,NULL),(8,'Ethiopia',1,'2015-07-17 00:00:00',1,NULL,NULL),(9,'Hungary',1,'2015-07-17 00:00:00',1,NULL,NULL),(10,'India',1,'2015-07-17 00:00:00',1,NULL,NULL),(11,'Japan',1,'2015-07-17 00:00:00',1,NULL,NULL),(12,'Kuwait',1,'2015-07-17 00:00:00',1,NULL,NULL);
/*!40000 ALTER TABLE `cntmt` ENABLE KEYS */;
UNLOCK TABLES;

--
-- Table structure for table `ctymt`
--

DROP TABLE IF EXISTS `ctymt`;
/*!40101 SET @saved_cs_client     = @@character_set_client */;
/*!40101 SET character_set_client = utf8 */;
CREATE TABLE `ctymt` (
  `CTYID` bigint(20) NOT NULL AUTO_INCREMENT COMMENT 'City ID',
  `CTYNM` varchar(40) NOT NULL COMMENT 'City Name',
  `STTID` bigint(20) NOT NULL COMMENT 'State ID',
  `ACTIV` tinyint(1) DEFAULT '1' COMMENT 'ON/OFF',
  `CRTDT` datetime NOT NULL COMMENT 'Created Date',
  `CRTBY` bigint(16) NOT NULL COMMENT 'Created By',
  `CHNDT` datetime DEFAULT NULL COMMENT 'Changed Date',
  `CHNBY` bigint(16) DEFAULT NULL COMMENT 'Changed By',
  PRIMARY KEY (`CTYID`),
  KEY `STTID` (`STTID`),
  CONSTRAINT `ctymt_ibfk_1` FOREIGN KEY (`STTID`) REFERENCES `sttmt` (`STTID`)
) ENGINE=InnoDB AUTO_INCREMENT=6 DEFAULT CHARSET=latin1 COMMENT='City Master';
/*!40101 SET character_set_client = @saved_cs_client */;

--
-- Dumping data for table `ctymt`
--

LOCK TABLES `ctymt` WRITE;
/*!40000 ALTER TABLE `ctymt` DISABLE KEYS */;
INSERT INTO `ctymt` VALUES (1,'Bengaluru',6,1,'2015-07-18 00:00:00',1,NULL,NULL),(2,'Pune',10,1,'2015-07-18 00:00:00',1,NULL,NULL),(3,'Ahmedabad',4,1,'2015-07-18 00:00:00',1,NULL,NULL),(4,'Guwahati',1,1,'2015-07-18 00:00:00',1,NULL,NULL),(5,'Ranchi',5,1,'2015-07-18 00:00:00',1,NULL,NULL);
/*!40000 ALTER TABLE `ctymt` ENABLE KEYS */;
UNLOCK TABLES;

--
-- Table structure for table `echmp`
--

DROP TABLE IF EXISTS `echmp`;
/*!40101 SET @saved_cs_client     = @@character_set_client */;
/*!40101 SET character_set_client = utf8 */;
CREATE TABLE `echmp` (
  `MPNID` bigint(16) NOT NULL AUTO_INCREMENT COMMENT 'Mapping ID',
  `ENTID` int(4) NOT NULL COMMENT 'Entity ID',
  `ENTYID` int(4) NOT NULL COMMENT 'Entity Type ID',
  `ETCID` int(4) NOT NULL COMMENT 'Entity Category ID',
  `CHRID` int(3) NOT NULL COMMENT 'Characteristics ID',
  `ACTIV` tinyint(1) NOT NULL DEFAULT '1' COMMENT 'Active',
  `CRTDT` datetime NOT NULL COMMENT 'Created Date',
  `CRTBY` bigint(16) NOT NULL COMMENT 'Created By',
  `CHNDT` datetime NOT NULL COMMENT 'Changed Date',
  `CHNBY` bigint(16) NOT NULL COMMENT 'Changed By',
  PRIMARY KEY (`MPNID`)
) ENGINE=InnoDB AUTO_INCREMENT=49 DEFAULT CHARSET=latin1;
/*!40101 SET character_set_client = @saved_cs_client */;

--
-- Dumping data for table `echmp`
--

LOCK TABLES `echmp` WRITE;
/*!40000 ALTER TABLE `echmp` DISABLE KEYS */;
INSERT INTO `echmp` VALUES (1,1,1,1,9,1,'2015-07-19 00:00:00',1,'0000-00-00 00:00:00',0),(2,2,1,1,9,1,'2015-07-19 00:00:00',1,'0000-00-00 00:00:00',0),(3,3,1,1,9,1,'2015-07-19 00:00:00',1,'0000-00-00 00:00:00',0),(4,4,1,1,9,1,'2015-07-19 00:00:00',1,'0000-00-00 00:00:00',0),(5,5,1,1,9,1,'2015-07-19 00:00:00',1,'0000-00-00 00:00:00',0),(6,6,1,1,9,1,'2015-07-19 00:00:00',1,'0000-00-00 00:00:00',0),(7,7,1,1,9,1,'2015-07-19 00:00:00',1,'0000-00-00 00:00:00',0),(8,8,1,1,9,1,'2015-07-19 00:00:00',1,'0000-00-00 00:00:00',0),(9,9,1,1,9,1,'2015-07-19 00:00:00',1,'0000-00-00 00:00:00',0),(10,10,1,1,9,1,'2015-07-19 00:00:00',1,'0000-00-00 00:00:00',0),(11,11,1,1,9,1,'2015-07-19 00:00:00',1,'0000-00-00 00:00:00',0),(12,12,1,1,9,1,'2015-07-19 00:00:00',1,'0000-00-00 00:00:00',0),(13,13,1,1,9,1,'2015-07-19 00:00:00',1,'0000-00-00 00:00:00',0),(14,14,1,1,9,1,'2015-07-19 00:00:00',1,'0000-00-00 00:00:00',0),(15,15,1,1,9,1,'2015-07-19 00:00:00',1,'0000-00-00 00:00:00',0),(16,16,1,1,9,1,'2015-07-19 00:00:00',1,'0000-00-00 00:00:00',0),(17,17,1,1,9,1,'2015-07-19 00:00:00',1,'0000-00-00 00:00:00',0),(18,18,1,1,9,1,'2015-07-19 00:00:00',1,'0000-00-00 00:00:00',0),(19,19,1,1,9,1,'2015-07-19 00:00:00',1,'0000-00-00 00:00:00',0),(20,20,1,1,9,1,'2015-07-19 00:00:00',1,'0000-00-00 00:00:00',0),(21,21,1,1,9,1,'2015-07-19 00:00:00',1,'0000-00-00 00:00:00',0),(22,22,1,1,9,1,'2015-07-19 00:00:00',1,'0000-00-00 00:00:00',0),(23,23,1,1,9,1,'2015-07-19 00:00:00',1,'0000-00-00 00:00:00',0),(24,24,1,1,9,1,'2015-07-19 00:00:00',1,'0000-00-00 00:00:00',0),(25,1,1,1,10,1,'2015-07-19 00:00:00',1,'0000-00-00 00:00:00',0),(26,2,1,1,10,1,'2015-07-19 00:00:00',1,'0000-00-00 00:00:00',0),(27,3,1,1,10,1,'2015-07-19 00:00:00',1,'0000-00-00 00:00:00',0),(28,4,1,1,10,1,'2015-07-19 00:00:00',1,'0000-00-00 00:00:00',0),(29,5,1,1,10,1,'2015-07-19 00:00:00',1,'0000-00-00 00:00:00',0),(30,6,1,1,10,1,'2015-07-19 00:00:00',1,'0000-00-00 00:00:00',0),(31,7,1,1,10,1,'2015-07-19 00:00:00',1,'0000-00-00 00:00:00',0),(32,8,1,1,10,1,'2015-07-19 00:00:00',1,'0000-00-00 00:00:00',0),(33,9,1,1,10,1,'2015-07-19 00:00:00',1,'0000-00-00 00:00:00',0),(34,10,1,1,10,1,'2015-07-19 00:00:00',1,'0000-00-00 00:00:00',0),(35,11,1,1,10,1,'2015-07-19 00:00:00',1,'0000-00-00 00:00:00',0),(36,12,1,1,10,1,'2015-07-19 00:00:00',1,'0000-00-00 00:00:00',0),(37,13,1,1,10,1,'2015-07-19 00:00:00',1,'0000-00-00 00:00:00',0),(38,14,1,1,10,1,'2015-07-19 00:00:00',1,'0000-00-00 00:00:00',0),(39,15,1,1,10,1,'2015-07-19 00:00:00',1,'0000-00-00 00:00:00',0),(40,16,1,1,10,1,'2015-07-19 00:00:00',1,'0000-00-00 00:00:00',0),(41,17,1,1,10,1,'2015-07-19 00:00:00',1,'0000-00-00 00:00:00',0),(42,18,1,1,10,1,'2015-07-19 00:00:00',1,'0000-00-00 00:00:00',0),(43,19,1,1,10,1,'2015-07-19 00:00:00',1,'0000-00-00 00:00:00',0),(44,20,1,1,10,1,'2015-07-19 00:00:00',1,'0000-00-00 00:00:00',0),(45,21,1,1,10,1,'2015-07-19 00:00:00',1,'0000-00-00 00:00:00',0),(46,22,1,1,10,1,'2015-07-19 00:00:00',1,'0000-00-00 00:00:00',0),(47,23,1,1,10,1,'2015-07-19 00:00:00',1,'0000-00-00 00:00:00',0),(48,24,1,1,10,1,'2015-07-19 00:00:00',1,'0000-00-00 00:00:00',0);
/*!40000 ALTER TABLE `echmp` ENABLE KEYS */;
UNLOCK TABLES;

--
-- Table structure for table `echmt`
--

DROP TABLE IF EXISTS `echmt`;
/*!40101 SET @saved_cs_client     = @@character_set_client */;
/*!40101 SET character_set_client = utf8 */;
CREATE TABLE `echmt` (
  `ECMID` bigint(16) NOT NULL AUTO_INCREMENT COMMENT 'Entity Characteristicst Master ID',
  `MPNID` bigint(16) NOT NULL COMMENT 'Mapping ID',
  `VALUE` varchar(200) NOT NULL COMMENT 'Value',
  `ACTIV` tinyint(1) NOT NULL DEFAULT '1' COMMENT 'On/Off',
  `CRTDT` datetime NOT NULL COMMENT 'Created Date',
  `CRTBY` bigint(16) NOT NULL COMMENT 'Created By',
  `CHNDT` datetime DEFAULT NULL COMMENT 'Changed Date',
  `CHNBY` bigint(16) DEFAULT NULL COMMENT 'Changed By',
  PRIMARY KEY (`ECMID`)
) ENGINE=InnoDB AUTO_INCREMENT=18 DEFAULT CHARSET=latin1;
/*!40101 SET character_set_client = @saved_cs_client */;

--
-- Dumping data for table `echmt`
--

LOCK TABLES `echmt` WRITE;
/*!40000 ALTER TABLE `echmt` DISABLE KEYS */;
INSERT INTO `echmt` VALUES (1,5,'1',1,'2015-07-19 00:00:00',1,NULL,NULL),(2,12,'1',1,'2015-07-19 00:00:00',1,NULL,NULL),(3,14,'1',1,'2015-07-19 00:00:00',1,NULL,NULL),(4,23,'1',1,'2015-07-19 00:00:00',1,NULL,NULL),(5,4,'1',1,'2015-07-19 00:00:00',1,NULL,NULL),(6,16,'1',1,'2015-07-19 00:00:00',1,NULL,NULL),(7,19,'1',1,'2015-07-19 00:00:00',1,NULL,NULL),(8,3,'1',1,'2015-07-19 00:00:00',1,NULL,NULL),(9,27,'aurveda.png',1,'2015-07-19 00:00:00',1,NULL,NULL),(10,29,'dentist.png',1,'2015-07-19 00:00:00',1,NULL,NULL),(11,36,'homeopath.png',1,'2015-07-19 00:00:00',1,NULL,NULL),(12,38,'neurologist.png',1,'2015-07-19 00:00:00',1,NULL,NULL),(13,47,'surgeon.png',1,'2015-07-19 00:00:00',1,NULL,NULL),(14,28,'cardiologist.png',1,'2015-07-19 00:00:00',1,NULL,NULL),(15,40,'eyespecialist.png',1,'2015-07-19 00:00:00',1,NULL,NULL),(16,43,'sexologist.png',1,'2015-07-19 00:00:00',1,NULL,NULL),(17,1,'1',1,'2015-07-19 00:00:00',1,NULL,NULL);
/*!40000 ALTER TABLE `echmt` ENABLE KEYS */;
UNLOCK TABLES;

--
-- Table structure for table `encmp`
--

DROP TABLE IF EXISTS `encmp`;
/*!40101 SET @saved_cs_client     = @@character_set_client */;
/*!40101 SET character_set_client = utf8 */;
CREATE TABLE `encmp` (
  `MPNID` int(11) NOT NULL AUTO_INCREMENT COMMENT 'Mapping ID',
  `ACTIV` tinyint(1) NOT NULL DEFAULT '1' COMMENT 'Active FlagTrue / False',
  `CRTDT` datetime NOT NULL COMMENT 'Created Date',
  `CRTBY` bigint(16) NOT NULL COMMENT 'Created By',
  `CHNDT` datetime DEFAULT NULL COMMENT 'Changed Date',
  `CHNBY` bigint(16) DEFAULT NULL COMMENT 'Changed By',
  `ETYID` int(4) NOT NULL COMMENT 'Entity Type ID',
  `ETCID` int(4) NOT NULL COMMENT 'Entity Category ID',
  PRIMARY KEY (`MPNID`),
  KEY `ETCID` (`ETCID`),
  KEY `ETYID` (`ETYID`),
  CONSTRAINT `encmp_ibfk_1` FOREIGN KEY (`ETCID`) REFERENCES `etcmt` (`ETCID`),
  CONSTRAINT `encmp_ibfk_2` FOREIGN KEY (`ETYID`) REFERENCES `etymt` (`ETYID`)
) ENGINE=InnoDB AUTO_INCREMENT=2 DEFAULT CHARSET=latin1 COMMENT='Entity Type - Entity Category';
/*!40101 SET character_set_client = @saved_cs_client */;

--
-- Dumping data for table `encmp`
--

LOCK TABLES `encmp` WRITE;
/*!40000 ALTER TABLE `encmp` DISABLE KEYS */;
INSERT INTO `encmp` VALUES (1,1,'2015-07-17 00:00:00',1,NULL,NULL,1,1);
/*!40000 ALTER TABLE `encmp` ENABLE KEYS */;
UNLOCK TABLES;

--
-- Table structure for table `enrmp`
--

DROP TABLE IF EXISTS `enrmp`;
/*!40101 SET @saved_cs_client     = @@character_set_client */;
/*!40101 SET character_set_client = utf8 */;
CREATE TABLE `enrmp` (
  `MPNID` bigint(10) NOT NULL AUTO_INCREMENT COMMENT 'Mappping ID',
  `ETYID` int(4) NOT NULL COMMENT 'Entity Type ID',
  `ETCID` int(4) NOT NULL COMMENT 'Entity Category ID',
  `ENTID` int(4) NOT NULL COMMENT 'Entity ID',
  `RULID` int(3) NOT NULL COMMENT 'Rule ID',
  `ACTIV` tinyint(1) DEFAULT '1' COMMENT 'On/Off',
  `CRTDT` datetime NOT NULL COMMENT 'Created Date',
  `CRTBY` bigint(16) NOT NULL COMMENT 'Created By',
  `CHNDT` datetime DEFAULT NULL COMMENT 'Changed Date',
  `CHNBY` bigint(16) DEFAULT NULL COMMENT 'Changed By',
  PRIMARY KEY (`MPNID`),
  KEY `ENTID` (`ENTID`),
  KEY `ETCID` (`ETCID`),
  KEY `ETYID` (`ETYID`),
  KEY `RULID` (`RULID`),
  CONSTRAINT `enrmp_ibfk_1` FOREIGN KEY (`ENTID`) REFERENCES `entmt` (`ENTID`),
  CONSTRAINT `enrmp_ibfk_2` FOREIGN KEY (`ETCID`) REFERENCES `etcmt` (`ETCID`),
  CONSTRAINT `enrmp_ibfk_3` FOREIGN KEY (`ETYID`) REFERENCES `etymt` (`ETYID`),
  CONSTRAINT `enrmp_ibfk_4` FOREIGN KEY (`RULID`) REFERENCES `rulmt` (`RULID`)
) ENGINE=InnoDB AUTO_INCREMENT=217 DEFAULT CHARSET=latin1 COMMENT='Entity Rules Mapping Table';
/*!40101 SET character_set_client = @saved_cs_client */;

--
-- Dumping data for table `enrmp`
--

LOCK TABLES `enrmp` WRITE;
/*!40000 ALTER TABLE `enrmp` DISABLE KEYS */;
INSERT INTO `enrmp` VALUES (1,1,1,1,1,1,'2015-07-26 00:00:00',1,NULL,NULL),(2,1,1,1,2,1,'2015-07-26 00:00:00',1,NULL,NULL),(3,1,1,1,3,1,'2015-07-26 00:00:00',1,NULL,NULL),(4,1,1,1,2,1,'2015-07-26 00:00:00',1,NULL,NULL),(5,1,1,1,2,1,'2015-07-26 00:00:00',1,NULL,NULL),(6,1,1,1,2,1,'2015-07-26 00:00:00',1,NULL,NULL),(7,1,1,1,2,1,'2015-07-26 00:00:00',1,NULL,NULL),(8,1,1,1,2,1,'2015-07-26 00:00:00',1,NULL,NULL),(9,1,1,1,2,1,'2015-07-26 00:00:00',1,NULL,NULL),(10,1,1,2,1,1,'2015-07-26 00:00:00',1,NULL,NULL),(11,1,1,2,2,1,'2015-07-26 00:00:00',1,NULL,NULL),(12,1,1,2,3,1,'2015-07-26 00:00:00',1,NULL,NULL),(13,1,1,2,2,1,'2015-07-26 00:00:00',1,NULL,NULL),(14,1,1,2,2,1,'2015-07-26 00:00:00',1,NULL,NULL),(15,1,1,2,2,1,'2015-07-26 00:00:00',1,NULL,NULL),(16,1,1,2,2,1,'2015-07-26 00:00:00',1,NULL,NULL),(17,1,1,2,2,1,'2015-07-26 00:00:00',1,NULL,NULL),(18,1,1,2,2,1,'2015-07-26 00:00:00',1,NULL,NULL),(19,1,1,3,1,1,'2015-07-26 00:00:00',1,NULL,NULL),(20,1,1,3,2,1,'2015-07-26 00:00:00',1,NULL,NULL),(21,1,1,3,3,1,'2015-07-26 00:00:00',1,NULL,NULL),(22,1,1,3,2,1,'2015-07-26 00:00:00',1,NULL,NULL),(23,1,1,3,2,1,'2015-07-26 00:00:00',1,NULL,NULL),(24,1,1,3,2,1,'2015-07-26 00:00:00',1,NULL,NULL),(25,1,1,3,2,1,'2015-07-26 00:00:00',1,NULL,NULL),(26,1,1,3,2,1,'2015-07-26 00:00:00',1,NULL,NULL),(27,1,1,3,2,1,'2015-07-26 00:00:00',1,NULL,NULL),(28,1,1,4,1,1,'2015-07-26 00:00:00',1,NULL,NULL),(29,1,1,4,2,1,'2015-07-26 00:00:00',1,NULL,NULL),(30,1,1,4,3,1,'2015-07-26 00:00:00',1,NULL,NULL),(31,1,1,4,2,1,'2015-07-26 00:00:00',1,NULL,NULL),(32,1,1,4,2,1,'2015-07-26 00:00:00',1,NULL,NULL),(33,1,1,4,2,1,'2015-07-26 00:00:00',1,NULL,NULL),(34,1,1,4,2,1,'2015-07-26 00:00:00',1,NULL,NULL),(35,1,1,4,2,1,'2015-07-26 00:00:00',1,NULL,NULL),(36,1,1,4,2,1,'2015-07-26 00:00:00',1,NULL,NULL),(37,1,1,5,1,1,'2015-07-26 00:00:00',1,NULL,NULL),(38,1,1,5,2,1,'2015-07-26 00:00:00',1,NULL,NULL),(39,1,1,5,3,1,'2015-07-26 00:00:00',1,NULL,NULL),(40,1,1,5,2,1,'2015-07-26 00:00:00',1,NULL,NULL),(41,1,1,5,2,1,'2015-07-26 00:00:00',1,NULL,NULL),(42,1,1,5,2,1,'2015-07-26 00:00:00',1,NULL,NULL),(43,1,1,5,2,1,'2015-07-26 00:00:00',1,NULL,NULL),(44,1,1,5,2,1,'2015-07-26 00:00:00',1,NULL,NULL),(45,1,1,5,2,1,'2015-07-26 00:00:00',1,NULL,NULL),(46,1,1,6,1,1,'2015-07-26 00:00:00',1,NULL,NULL),(47,1,1,6,2,1,'2015-07-26 00:00:00',1,NULL,NULL),(48,1,1,6,3,1,'2015-07-26 00:00:00',1,NULL,NULL),(49,1,1,6,2,1,'2015-07-26 00:00:00',1,NULL,NULL),(50,1,1,6,2,1,'2015-07-26 00:00:00',1,NULL,NULL),(51,1,1,6,2,1,'2015-07-26 00:00:00',1,NULL,NULL),(52,1,1,6,2,1,'2015-07-26 00:00:00',1,NULL,NULL),(53,1,1,6,2,1,'2015-07-26 00:00:00',1,NULL,NULL),(54,1,1,6,2,1,'2015-07-26 00:00:00',1,NULL,NULL),(55,1,1,7,1,1,'2015-07-26 00:00:00',1,NULL,NULL),(56,1,1,7,2,1,'2015-07-26 00:00:00',1,NULL,NULL),(57,1,1,7,3,1,'2015-07-26 00:00:00',1,NULL,NULL),(58,1,1,7,2,1,'2015-07-26 00:00:00',1,NULL,NULL),(59,1,1,7,2,1,'2015-07-26 00:00:00',1,NULL,NULL),(60,1,1,7,2,1,'2015-07-26 00:00:00',1,NULL,NULL),(61,1,1,7,2,1,'2015-07-26 00:00:00',1,NULL,NULL),(62,1,1,7,2,1,'2015-07-26 00:00:00',1,NULL,NULL),(63,1,1,7,2,1,'2015-07-26 00:00:00',1,NULL,NULL),(64,1,1,8,1,1,'2015-07-26 00:00:00',1,NULL,NULL),(65,1,1,8,2,1,'2015-07-26 00:00:00',1,NULL,NULL),(66,1,1,8,3,1,'2015-07-26 00:00:00',1,NULL,NULL),(67,1,1,8,2,1,'2015-07-26 00:00:00',1,NULL,NULL),(68,1,1,8,2,1,'2015-07-26 00:00:00',1,NULL,NULL),(69,1,1,8,2,1,'2015-07-26 00:00:00',1,NULL,NULL),(70,1,1,8,2,1,'2015-07-26 00:00:00',1,NULL,NULL),(71,1,1,8,2,1,'2015-07-26 00:00:00',1,NULL,NULL),(72,1,1,8,2,1,'2015-07-26 00:00:00',1,NULL,NULL),(73,1,1,9,1,1,'2015-07-26 00:00:00',1,NULL,NULL),(74,1,1,9,2,1,'2015-07-26 00:00:00',1,NULL,NULL),(75,1,1,9,3,1,'2015-07-26 00:00:00',1,NULL,NULL),(76,1,1,9,2,1,'2015-07-26 00:00:00',1,NULL,NULL),(77,1,1,9,2,1,'2015-07-26 00:00:00',1,NULL,NULL),(78,1,1,9,2,1,'2015-07-26 00:00:00',1,NULL,NULL),(79,1,1,9,2,1,'2015-07-26 00:00:00',1,NULL,NULL),(80,1,1,9,2,1,'2015-07-26 00:00:00',1,NULL,NULL),(81,1,1,9,2,1,'2015-07-26 00:00:00',1,NULL,NULL),(82,1,1,10,1,1,'2015-07-26 00:00:00',1,NULL,NULL),(83,1,1,10,2,1,'2015-07-26 00:00:00',1,NULL,NULL),(84,1,1,10,3,1,'2015-07-26 00:00:00',1,NULL,NULL),(85,1,1,10,2,1,'2015-07-26 00:00:00',1,NULL,NULL),(86,1,1,10,2,1,'2015-07-26 00:00:00',1,NULL,NULL),(87,1,1,10,2,1,'2015-07-26 00:00:00',1,NULL,NULL),(88,1,1,10,2,1,'2015-07-26 00:00:00',1,NULL,NULL),(89,1,1,10,2,1,'2015-07-26 00:00:00',1,NULL,NULL),(90,1,1,10,2,1,'2015-07-26 00:00:00',1,NULL,NULL),(91,1,1,11,1,1,'2015-07-26 00:00:00',1,NULL,NULL),(92,1,1,11,2,1,'2015-07-26 00:00:00',1,NULL,NULL),(93,1,1,11,3,1,'2015-07-26 00:00:00',1,NULL,NULL),(94,1,1,11,2,1,'2015-07-26 00:00:00',1,NULL,NULL),(95,1,1,11,2,1,'2015-07-26 00:00:00',1,NULL,NULL),(96,1,1,11,2,1,'2015-07-26 00:00:00',1,NULL,NULL),(97,1,1,11,2,1,'2015-07-26 00:00:00',1,NULL,NULL),(98,1,1,11,2,1,'2015-07-26 00:00:00',1,NULL,NULL),(99,1,1,11,2,1,'2015-07-26 00:00:00',1,NULL,NULL),(100,1,1,12,1,1,'2015-07-26 00:00:00',1,NULL,NULL),(101,1,1,12,2,1,'2015-07-26 00:00:00',1,NULL,NULL),(102,1,1,12,3,1,'2015-07-26 00:00:00',1,NULL,NULL),(103,1,1,12,2,1,'2015-07-26 00:00:00',1,NULL,NULL),(104,1,1,12,2,1,'2015-07-26 00:00:00',1,NULL,NULL),(105,1,1,12,2,1,'2015-07-26 00:00:00',1,NULL,NULL),(106,1,1,12,2,1,'2015-07-26 00:00:00',1,NULL,NULL),(107,1,1,12,2,1,'2015-07-26 00:00:00',1,NULL,NULL),(108,1,1,12,2,1,'2015-07-26 00:00:00',1,NULL,NULL),(109,1,1,13,1,1,'2015-07-26 00:00:00',1,NULL,NULL),(110,1,1,13,2,1,'2015-07-26 00:00:00',1,NULL,NULL),(111,1,1,13,3,1,'2015-07-26 00:00:00',1,NULL,NULL),(112,1,1,13,2,1,'2015-07-26 00:00:00',1,NULL,NULL),(113,1,1,13,2,1,'2015-07-26 00:00:00',1,NULL,NULL),(114,1,1,13,2,1,'2015-07-26 00:00:00',1,NULL,NULL),(115,1,1,13,2,1,'2015-07-26 00:00:00',1,NULL,NULL),(116,1,1,13,2,1,'2015-07-26 00:00:00',1,NULL,NULL),(117,1,1,13,2,1,'2015-07-26 00:00:00',1,NULL,NULL),(118,1,1,14,1,1,'2015-07-26 00:00:00',1,NULL,NULL),(119,1,1,14,2,1,'2015-07-26 00:00:00',1,NULL,NULL),(120,1,1,14,3,1,'2015-07-26 00:00:00',1,NULL,NULL),(121,1,1,14,2,1,'2015-07-26 00:00:00',1,NULL,NULL),(122,1,1,14,2,1,'2015-07-26 00:00:00',1,NULL,NULL),(123,1,1,14,2,1,'2015-07-26 00:00:00',1,NULL,NULL),(124,1,1,14,2,1,'2015-07-26 00:00:00',1,NULL,NULL),(125,1,1,14,2,1,'2015-07-26 00:00:00',1,NULL,NULL),(126,1,1,14,2,1,'2015-07-26 00:00:00',1,NULL,NULL),(127,1,1,15,1,1,'2015-07-26 00:00:00',1,NULL,NULL),(128,1,1,15,2,1,'2015-07-26 00:00:00',1,NULL,NULL),(129,1,1,15,3,1,'2015-07-26 00:00:00',1,NULL,NULL),(130,1,1,15,2,1,'2015-07-26 00:00:00',1,NULL,NULL),(131,1,1,15,2,1,'2015-07-26 00:00:00',1,NULL,NULL),(132,1,1,15,2,1,'2015-07-26 00:00:00',1,NULL,NULL),(133,1,1,15,2,1,'2015-07-26 00:00:00',1,NULL,NULL),(134,1,1,15,2,1,'2015-07-26 00:00:00',1,NULL,NULL),(135,1,1,15,2,1,'2015-07-26 00:00:00',1,NULL,NULL),(136,1,1,16,1,1,'2015-07-26 00:00:00',1,NULL,NULL),(137,1,1,16,2,1,'2015-07-26 00:00:00',1,NULL,NULL),(138,1,1,16,3,1,'2015-07-26 00:00:00',1,NULL,NULL),(139,1,1,16,2,1,'2015-07-26 00:00:00',1,NULL,NULL),(140,1,1,16,2,1,'2015-07-26 00:00:00',1,NULL,NULL),(141,1,1,16,2,1,'2015-07-26 00:00:00',1,NULL,NULL),(142,1,1,16,2,1,'2015-07-26 00:00:00',1,NULL,NULL),(143,1,1,16,2,1,'2015-07-26 00:00:00',1,NULL,NULL),(144,1,1,16,2,1,'2015-07-26 00:00:00',1,NULL,NULL),(145,1,1,17,1,1,'2015-07-26 00:00:00',1,NULL,NULL),(146,1,1,17,2,1,'2015-07-26 00:00:00',1,NULL,NULL),(147,1,1,17,3,1,'2015-07-26 00:00:00',1,NULL,NULL),(148,1,1,17,2,1,'2015-07-26 00:00:00',1,NULL,NULL),(149,1,1,17,2,1,'2015-07-26 00:00:00',1,NULL,NULL),(150,1,1,17,2,1,'2015-07-26 00:00:00',1,NULL,NULL),(151,1,1,17,2,1,'2015-07-26 00:00:00',1,NULL,NULL),(152,1,1,17,2,1,'2015-07-26 00:00:00',1,NULL,NULL),(153,1,1,17,2,1,'2015-07-26 00:00:00',1,NULL,NULL),(154,1,1,18,1,1,'2015-07-26 00:00:00',1,NULL,NULL),(155,1,1,18,2,1,'2015-07-26 00:00:00',1,NULL,NULL),(156,1,1,18,3,1,'2015-07-26 00:00:00',1,NULL,NULL),(157,1,1,18,2,1,'2015-07-26 00:00:00',1,NULL,NULL),(158,1,1,18,2,1,'2015-07-26 00:00:00',1,NULL,NULL),(159,1,1,18,2,1,'2015-07-26 00:00:00',1,NULL,NULL),(160,1,1,18,2,1,'2015-07-26 00:00:00',1,NULL,NULL),(161,1,1,18,2,1,'2015-07-26 00:00:00',1,NULL,NULL),(162,1,1,18,2,1,'2015-07-26 00:00:00',1,NULL,NULL),(163,1,1,19,1,1,'2015-07-26 00:00:00',1,NULL,NULL),(164,1,1,19,2,1,'2015-07-26 00:00:00',1,NULL,NULL),(165,1,1,19,3,1,'2015-07-26 00:00:00',1,NULL,NULL),(166,1,1,19,2,1,'2015-07-26 00:00:00',1,NULL,NULL),(167,1,1,19,2,1,'2015-07-26 00:00:00',1,NULL,NULL),(168,1,1,19,2,1,'2015-07-26 00:00:00',1,NULL,NULL),(169,1,1,19,2,1,'2015-07-26 00:00:00',1,NULL,NULL),(170,1,1,19,2,1,'2015-07-26 00:00:00',1,NULL,NULL),(171,1,1,19,2,1,'2015-07-26 00:00:00',1,NULL,NULL),(172,1,1,20,1,1,'2015-07-26 00:00:00',1,NULL,NULL),(173,1,1,20,2,1,'2015-07-26 00:00:00',1,NULL,NULL),(174,1,1,20,3,1,'2015-07-26 00:00:00',1,NULL,NULL),(175,1,1,20,2,1,'2015-07-26 00:00:00',1,NULL,NULL),(176,1,1,20,2,1,'2015-07-26 00:00:00',1,NULL,NULL),(177,1,1,20,2,1,'2015-07-26 00:00:00',1,NULL,NULL),(178,1,1,20,2,1,'2015-07-26 00:00:00',1,NULL,NULL),(179,1,1,20,2,1,'2015-07-26 00:00:00',1,NULL,NULL),(180,1,1,20,2,1,'2015-07-26 00:00:00',1,NULL,NULL),(181,1,1,21,1,1,'2015-07-26 00:00:00',1,NULL,NULL),(182,1,1,21,2,1,'2015-07-26 00:00:00',1,NULL,NULL),(183,1,1,21,3,1,'2015-07-26 00:00:00',1,NULL,NULL),(184,1,1,21,2,1,'2015-07-26 00:00:00',1,NULL,NULL),(185,1,1,21,2,1,'2015-07-26 00:00:00',1,NULL,NULL),(186,1,1,21,2,1,'2015-07-26 00:00:00',1,NULL,NULL),(187,1,1,21,2,1,'2015-07-26 00:00:00',1,NULL,NULL),(188,1,1,21,2,1,'2015-07-26 00:00:00',1,NULL,NULL),(189,1,1,21,2,1,'2015-07-26 00:00:00',1,NULL,NULL),(190,1,1,22,1,1,'2015-07-26 00:00:00',1,NULL,NULL),(191,1,1,22,2,1,'2015-07-26 00:00:00',1,NULL,NULL),(192,1,1,22,3,1,'2015-07-26 00:00:00',1,NULL,NULL),(193,1,1,22,2,1,'2015-07-26 00:00:00',1,NULL,NULL),(194,1,1,22,2,1,'2015-07-26 00:00:00',1,NULL,NULL),(195,1,1,22,2,1,'2015-07-26 00:00:00',1,NULL,NULL),(196,1,1,22,2,1,'2015-07-26 00:00:00',1,NULL,NULL),(197,1,1,22,2,1,'2015-07-26 00:00:00',1,NULL,NULL),(198,1,1,22,2,1,'2015-07-26 00:00:00',1,NULL,NULL),(199,1,1,23,1,1,'2015-07-26 00:00:00',1,NULL,NULL),(200,1,1,23,2,1,'2015-07-26 00:00:00',1,NULL,NULL),(201,1,1,23,3,1,'2015-07-26 00:00:00',1,NULL,NULL),(202,1,1,23,2,1,'2015-07-26 00:00:00',1,NULL,NULL),(203,1,1,23,2,1,'2015-07-26 00:00:00',1,NULL,NULL),(204,1,1,23,2,1,'2015-07-26 00:00:00',1,NULL,NULL),(205,1,1,23,2,1,'2015-07-26 00:00:00',1,NULL,NULL),(206,1,1,23,2,1,'2015-07-26 00:00:00',1,NULL,NULL),(207,1,1,23,2,1,'2015-07-26 00:00:00',1,NULL,NULL),(208,1,1,24,1,1,'2015-07-26 00:00:00',1,NULL,NULL),(209,1,1,24,2,1,'2015-07-26 00:00:00',1,NULL,NULL),(210,1,1,24,3,1,'2015-07-26 00:00:00',1,NULL,NULL),(211,1,1,24,2,1,'2015-07-26 00:00:00',1,NULL,NULL),(212,1,1,24,2,1,'2015-07-26 00:00:00',1,NULL,NULL),(213,1,1,24,2,1,'2015-07-26 00:00:00',1,NULL,NULL),(214,1,1,24,2,1,'2015-07-26 00:00:00',1,NULL,NULL),(215,1,1,24,2,1,'2015-07-26 00:00:00',1,NULL,NULL),(216,1,1,24,2,1,'2015-07-26 00:00:00',1,NULL,NULL);
/*!40000 ALTER TABLE `enrmp` ENABLE KEYS */;
UNLOCK TABLES;

--
-- Table structure for table `entmp`
--

DROP TABLE IF EXISTS `entmp`;
/*!40101 SET @saved_cs_client     = @@character_set_client */;
/*!40101 SET character_set_client = utf8 */;
CREATE TABLE `entmp` (
  `MPNID` int(11) NOT NULL AUTO_INCREMENT COMMENT 'Mapping ID',
  `ACTIV` tinyint(1) NOT NULL DEFAULT '1' COMMENT 'Active Flag',
  `CRTDT` datetime NOT NULL COMMENT 'Created Date',
  `CRTBY` bigint(16) NOT NULL COMMENT 'Created By',
  `CHNDT` datetime DEFAULT NULL COMMENT 'Changed Date',
  `CHNBY` bigint(16) DEFAULT NULL COMMENT 'Changed By',
  `ETCID` int(4) NOT NULL COMMENT 'Entity Category ID',
  `ENTID` int(4) NOT NULL COMMENT 'Entity ID',
  PRIMARY KEY (`MPNID`),
  KEY `ENTID` (`ENTID`),
  KEY `ETCID` (`ETCID`),
  CONSTRAINT `entmp_ibfk_1` FOREIGN KEY (`ENTID`) REFERENCES `entmt` (`ENTID`),
  CONSTRAINT `entmp_ibfk_2` FOREIGN KEY (`ETCID`) REFERENCES `etcmt` (`ETCID`)
) ENGINE=InnoDB AUTO_INCREMENT=25 DEFAULT CHARSET=latin1 COMMENT='Entity Category - Entity Master';
/*!40101 SET character_set_client = @saved_cs_client */;

--
-- Dumping data for table `entmp`
--

LOCK TABLES `entmp` WRITE;
/*!40000 ALTER TABLE `entmp` DISABLE KEYS */;
INSERT INTO `entmp` VALUES (1,1,'2015-07-17 00:00:00',1,NULL,NULL,1,1),(2,1,'2015-07-17 00:00:00',1,NULL,NULL,1,2),(3,1,'2015-07-17 00:00:00',1,NULL,NULL,1,3),(4,1,'2015-07-17 00:00:00',1,NULL,NULL,1,4),(5,1,'2015-07-17 00:00:00',1,NULL,NULL,1,5),(6,1,'2015-07-17 00:00:00',1,NULL,NULL,1,6),(7,1,'2015-07-17 00:00:00',1,NULL,NULL,1,7),(8,1,'2015-07-17 00:00:00',1,NULL,NULL,1,8),(9,1,'2015-07-17 00:00:00',1,NULL,NULL,1,9),(10,1,'2015-07-17 00:00:00',1,NULL,NULL,1,10),(11,1,'2015-07-17 00:00:00',1,NULL,NULL,1,11),(12,1,'2015-07-17 00:00:00',1,NULL,NULL,1,12),(13,1,'2015-07-17 00:00:00',1,NULL,NULL,1,13),(14,1,'2015-07-17 00:00:00',1,NULL,NULL,1,14),(15,1,'2015-07-17 00:00:00',1,NULL,NULL,1,15),(16,1,'2015-07-17 00:00:00',1,NULL,NULL,1,16),(17,1,'2015-07-17 00:00:00',1,NULL,NULL,1,17),(18,1,'2015-07-17 00:00:00',1,NULL,NULL,1,18),(19,1,'2015-07-17 00:00:00',1,NULL,NULL,1,19),(20,1,'2015-07-17 00:00:00',1,NULL,NULL,1,20),(21,1,'2015-07-17 00:00:00',1,NULL,NULL,1,21),(22,1,'2015-07-17 00:00:00',1,NULL,NULL,1,22),(23,1,'2015-07-17 00:00:00',1,NULL,NULL,1,23),(24,1,'2015-07-17 00:00:00',1,NULL,NULL,1,24);
/*!40000 ALTER TABLE `entmp` ENABLE KEYS */;
UNLOCK TABLES;

--
-- Table structure for table `entmt`
--

DROP TABLE IF EXISTS `entmt`;
/*!40101 SET @saved_cs_client     = @@character_set_client */;
/*!40101 SET character_set_client = utf8 */;
CREATE TABLE `entmt` (
  `ENTID` int(4) NOT NULL AUTO_INCREMENT COMMENT 'Entity ID',
  `DESCR` varchar(40) DEFAULT NULL COMMENT 'Description',
  `ACTIV` tinyint(1) NOT NULL DEFAULT '1' COMMENT 'ON/OFF',
  `CRTDT` datetime NOT NULL COMMENT 'Created Date',
  `CRTBY` bigint(16) NOT NULL COMMENT 'Created By',
  `CHNDT` datetime DEFAULT NULL COMMENT 'Changed Date',
  `CHNBY` bigint(16) DEFAULT NULL COMMENT 'Changed By',
  `ETCID` int(4) NOT NULL COMMENT 'Entity Category ID',
  `ETYID` int(4) NOT NULL COMMENT 'Entity Type ID',
  PRIMARY KEY (`ENTID`)
) ENGINE=InnoDB AUTO_INCREMENT=25 DEFAULT CHARSET=latin1 COMMENT='Entity Master';
/*!40101 SET character_set_client = @saved_cs_client */;

--
-- Dumping data for table `entmt`
--

LOCK TABLES `entmt` WRITE;
/*!40000 ALTER TABLE `entmt` DISABLE KEYS */;
INSERT INTO `entmt` VALUES (1,'Audiologist',1,'2015-07-15 00:00:00',1,NULL,NULL,1,1),(2,'Allergist',1,'2015-07-15 00:00:00',1,NULL,NULL,1,1),(3,'Ayurveda',1,'2015-07-15 00:00:00',1,NULL,NULL,1,1),(4,'Cardiologist',1,'2015-07-15 00:00:00',1,NULL,NULL,1,1),(5,'Dentist',1,'2015-07-15 00:00:00',1,NULL,NULL,1,1),(6,'Dermatologist',1,'2015-07-15 00:00:00',1,NULL,NULL,1,1),(7,'Endocrinologist',1,'2015-07-15 00:00:00',1,NULL,NULL,1,1),(8,'Epidemiologist',1,'2015-07-17 00:00:00',1,NULL,NULL,1,1),(9,'Gynecologist',1,'2015-07-17 00:00:00',1,NULL,NULL,1,1),(10,'Immunologist',1,'2015-07-17 00:00:00',1,NULL,NULL,1,1),(11,'Microbiologist',1,'2015-07-17 00:00:00',1,NULL,NULL,1,1),(12,'Homeopath',1,'2015-07-17 00:00:00',1,NULL,NULL,1,1),(13,'Neonatologist',1,'2015-07-17 00:00:00',1,NULL,NULL,1,1),(14,'Neurosurgeon',1,'2015-07-17 00:00:00',1,NULL,NULL,1,1),(15,'Obstetrician',1,'2015-07-17 00:00:00',1,NULL,NULL,1,1),(16,'Ophthalmo.',1,'2015-07-17 00:00:00',1,NULL,NULL,1,1),(17,'Pediatrician',1,'2015-07-17 00:00:00',1,NULL,NULL,1,1),(18,'Physiologist',1,'2015-07-17 00:00:00',1,NULL,NULL,1,1),(19,'Sexologist',1,'2015-07-17 00:00:00',1,NULL,NULL,1,1),(20,'Psychiatrist',1,'2015-07-17 00:00:00',1,NULL,NULL,1,1),(21,' Radiologist',1,'2015-07-17 00:00:00',1,NULL,NULL,1,1),(22,'Rheumatologist',1,'2015-07-17 00:00:00',1,NULL,NULL,1,1),(23,'Surgeon',1,'2015-07-17 00:00:00',1,NULL,NULL,1,1),(24,'Urologist',1,'2015-07-17 00:00:00',1,NULL,NULL,1,1);
/*!40000 ALTER TABLE `entmt` ENABLE KEYS */;
UNLOCK TABLES;

--
-- Table structure for table `etcmt`
--

DROP TABLE IF EXISTS `etcmt`;
/*!40101 SET @saved_cs_client     = @@character_set_client */;
/*!40101 SET character_set_client = utf8 */;
CREATE TABLE `etcmt` (
  `ETCID` int(4) NOT NULL AUTO_INCREMENT COMMENT 'Entity Category ID',
  `DESCR` varchar(40) NOT NULL COMMENT 'Description',
  `ACTIV` tinyint(1) DEFAULT '1' COMMENT 'On/Off',
  `CRTDT` datetime NOT NULL COMMENT 'Creted Date',
  `CRTBY` bigint(16) NOT NULL COMMENT 'Created By',
  `CHNDT` datetime DEFAULT NULL COMMENT 'Changed Date',
  `CHNBY` bigint(16) DEFAULT NULL COMMENT 'Changed By',
  `ETYID` int(4) NOT NULL COMMENT 'Entity Type ID',
  PRIMARY KEY (`ETCID`)
) ENGINE=InnoDB AUTO_INCREMENT=4 DEFAULT CHARSET=latin1 COMMENT='Entity Category Master';
/*!40101 SET character_set_client = @saved_cs_client */;

--
-- Dumping data for table `etcmt`
--

LOCK TABLES `etcmt` WRITE;
/*!40000 ALTER TABLE `etcmt` DISABLE KEYS */;
INSERT INTO `etcmt` VALUES (1,'Appointment',1,'2015-07-15 00:00:00',1,NULL,NULL,1),(2,'Service Details',1,'2015-07-15 00:00:00',1,NULL,NULL,2),(3,'Material',1,'2015-07-15 00:00:00',1,NULL,NULL,3);
/*!40000 ALTER TABLE `etcmt` ENABLE KEYS */;
UNLOCK TABLES;

--
-- Table structure for table `etymt`
--

DROP TABLE IF EXISTS `etymt`;
/*!40101 SET @saved_cs_client     = @@character_set_client */;
/*!40101 SET character_set_client = utf8 */;
CREATE TABLE `etymt` (
  `ETYID` int(4) NOT NULL AUTO_INCREMENT COMMENT 'Entity Type ID',
  `DESCR` varchar(40) DEFAULT NULL COMMENT 'Description',
  `ACTIV` tinyint(1) NOT NULL DEFAULT '1' COMMENT 'On/Off',
  `CRTDT` datetime NOT NULL COMMENT 'Created Date',
  `CRTBY` bigint(16) NOT NULL COMMENT 'Created By',
  `CHNDT` datetime DEFAULT NULL COMMENT 'Changed Date',
  `CHNBY` bigint(16) DEFAULT NULL COMMENT 'Changed By',
  PRIMARY KEY (`ETYID`)
) ENGINE=InnoDB AUTO_INCREMENT=4 DEFAULT CHARSET=latin1 COMMENT='Entity Type Master';
/*!40101 SET character_set_client = @saved_cs_client */;

--
-- Dumping data for table `etymt`
--

LOCK TABLES `etymt` WRITE;
/*!40000 ALTER TABLE `etymt` DISABLE KEYS */;
INSERT INTO `etymt` VALUES (1,'Time',1,'2015-07-15 00:00:00',1,'2015-07-15 00:00:00',0),(2,'Service',1,'2015-07-15 00:00:00',1,'2015-07-15 00:00:00',0),(3,'Material',1,'2015-07-15 00:00:00',1,'2015-07-15 00:00:00',0);
/*!40000 ALTER TABLE `etymt` ENABLE KEYS */;
UNLOCK TABLES;

--
-- Table structure for table `ienmp`
--

DROP TABLE IF EXISTS `ienmp`;
/*!40101 SET @saved_cs_client     = @@character_set_client */;
/*!40101 SET character_set_client = utf8 */;
CREATE TABLE `ienmp` (
  `MPNID` bigint(16) NOT NULL AUTO_INCREMENT COMMENT 'Mapping ID',
  `USRID` bigint(16) NOT NULL COMMENT 'User ID',
  `UTYID` int(3) NOT NULL COMMENT 'User Type ID',
  `ITCMT` int(4) NOT NULL COMMENT 'Intent Category ID',
  `ITYID` int(4) NOT NULL COMMENT 'Intent Type ID',
  `INTID` int(4) NOT NULL COMMENT 'Intent ID',
  `ETYID` int(4) NOT NULL COMMENT 'Entity Type ID',
  `ETCID` int(4) NOT NULL COMMENT 'Entity Category ID',
  `ENTID` int(4) DEFAULT NULL COMMENT 'Entity ID',
  `ACTIV` tinyint(1) NOT NULL DEFAULT '1' COMMENT 'ON/OFF',
  `CRTDT` datetime NOT NULL COMMENT 'Created Date',
  `CRTBY` bigint(16) NOT NULL COMMENT 'Created By',
  `CHNDT` datetime DEFAULT NULL COMMENT 'Changed Date',
  `CHNBY` bigint(16) DEFAULT NULL COMMENT 'Changed By',
  PRIMARY KEY (`MPNID`)
) ENGINE=InnoDB AUTO_INCREMENT=462 DEFAULT CHARSET=latin1 COMMENT='Intent Entity Mapping Table';
/*!40101 SET character_set_client = @saved_cs_client */;

--
-- Dumping data for table `ienmp`
--

LOCK TABLES `ienmp` WRITE;
/*!40000 ALTER TABLE `ienmp` DISABLE KEYS */;
INSERT INTO `ienmp` VALUES (1,1,1,1,1,1,1,1,1,1,'2015-07-18 00:00:00',1,NULL,NULL),(2,1,1,1,1,1,1,1,2,1,'2015-07-19 00:00:00',1,NULL,NULL),(3,1,1,1,1,1,1,1,3,1,'2015-07-19 00:00:00',1,NULL,NULL),(4,1,1,1,1,1,1,1,4,1,'2015-07-19 00:00:00',1,NULL,NULL),(5,1,1,1,1,1,1,1,5,1,'2015-07-19 00:00:00',1,NULL,NULL),(6,1,1,1,1,1,1,1,6,1,'2015-07-19 00:00:00',1,NULL,NULL),(7,1,1,1,1,1,1,1,7,1,'2015-07-19 00:00:00',1,NULL,NULL),(8,1,1,1,1,1,1,1,8,1,'2015-07-19 00:00:00',1,NULL,NULL),(9,1,1,1,1,1,1,1,9,1,'2015-07-19 00:00:00',1,NULL,NULL),(10,1,1,1,1,1,1,1,10,1,'2015-07-19 00:00:00',1,NULL,NULL),(11,1,1,1,1,1,1,1,11,1,'2015-07-19 00:00:00',1,NULL,NULL),(12,1,1,1,1,1,1,1,12,1,'2015-07-19 00:00:00',1,NULL,NULL),(13,1,1,1,1,1,1,1,13,1,'2015-07-19 00:00:00',1,NULL,NULL),(14,1,1,1,1,1,1,1,14,1,'2015-07-19 00:00:00',1,NULL,NULL),(15,1,1,1,1,1,1,1,15,1,'2015-07-19 00:00:00',1,NULL,NULL),(16,1,1,1,1,1,1,1,16,1,'2015-07-19 00:00:00',1,NULL,NULL),(17,1,1,1,1,1,1,1,17,1,'2015-07-19 00:00:00',1,NULL,NULL),(18,1,1,1,1,1,1,1,18,1,'2015-07-19 00:00:00',1,NULL,NULL),(19,1,1,1,1,1,1,1,19,1,'2015-07-19 00:00:00',1,NULL,NULL),(20,1,1,1,1,1,1,1,20,1,'2015-07-19 00:00:00',1,NULL,NULL),(21,1,1,1,1,1,1,1,21,1,'2015-07-19 00:00:00',1,NULL,NULL),(22,1,1,1,1,1,1,1,22,1,'2015-07-19 00:00:00',1,NULL,NULL),(23,1,1,1,1,1,1,1,23,1,'2015-07-19 00:00:00',1,NULL,NULL),(24,1,1,1,1,1,1,1,24,1,'2015-07-19 00:00:00',1,NULL,NULL),(25,3,2,1,1,1,1,1,6,1,'2015-07-18 00:00:00',1,NULL,NULL),(26,4,2,1,1,1,1,1,1,1,'2015-07-18 00:00:00',1,NULL,NULL),(27,5,2,1,1,1,1,1,5,1,'2015-07-18 00:00:00',1,NULL,NULL),(28,6,2,1,1,1,1,1,3,1,'2015-07-18 00:00:00',1,NULL,NULL),(29,7,2,1,1,1,1,1,2,1,'2015-07-18 00:00:00',1,NULL,NULL),(30,8,2,1,1,1,1,1,14,1,'2015-07-18 00:00:00',1,NULL,NULL),(31,23,2,1,1,1,1,1,10,1,'2015-07-18 00:00:00',1,NULL,NULL),(32,24,2,1,1,1,1,1,16,1,'2015-07-18 00:00:00',1,NULL,NULL),(33,25,2,1,1,1,1,1,24,1,'2015-07-18 00:00:00',1,NULL,NULL),(34,26,2,1,1,1,1,1,20,1,'2015-07-18 00:00:00',1,NULL,NULL),(35,27,2,1,1,1,1,1,22,1,'2015-07-18 00:00:00',1,NULL,NULL),(36,28,2,1,1,1,1,1,12,1,'2015-07-18 00:00:00',1,NULL,NULL),(37,29,2,1,1,1,1,1,13,1,'2015-07-18 00:00:00',1,NULL,NULL),(38,30,2,1,1,1,1,1,15,1,'2015-07-18 00:00:00',1,NULL,NULL),(39,31,2,1,1,1,1,1,17,1,'2015-07-18 00:00:00',1,NULL,NULL),(40,32,2,1,1,1,1,1,18,1,'2015-07-18 00:00:00',1,NULL,NULL),(41,33,2,1,1,1,1,1,19,1,'2015-07-18 00:00:00',1,NULL,NULL),(42,34,2,1,1,1,1,1,23,1,'2015-07-18 00:00:00',1,NULL,NULL),(43,3,2,1,1,1,1,1,1,1,'2015-07-18 00:00:00',1,NULL,NULL),(44,8,2,1,1,1,1,1,1,1,'2015-07-18 00:00:00',1,NULL,NULL),(45,26,2,1,1,1,1,1,1,1,'2015-07-18 00:00:00',1,NULL,NULL),(46,29,2,1,1,1,1,1,1,1,'2015-07-18 00:00:00',1,NULL,NULL),(47,34,2,1,1,1,1,1,1,1,'2015-07-18 00:00:00',1,NULL,NULL),(50,4,2,1,1,1,1,1,1,1,'2015-07-18 00:00:00',1,NULL,NULL),(51,24,2,1,1,1,1,1,1,1,'2015-07-18 00:00:00',1,NULL,NULL),(52,27,2,1,1,1,1,1,1,1,'2015-07-18 00:00:00',1,NULL,NULL),(53,30,2,1,1,1,1,1,1,1,'2015-07-18 00:00:00',1,NULL,NULL),(54,32,2,1,1,1,1,1,1,1,'2015-07-18 00:00:00',1,NULL,NULL),(57,4,2,1,1,1,1,1,2,1,'2015-07-18 00:00:00',1,NULL,NULL),(58,24,2,1,1,1,1,1,2,1,'2015-07-18 00:00:00',1,NULL,NULL),(59,27,2,1,1,1,1,1,2,1,'2015-07-18 00:00:00',1,NULL,NULL),(60,30,2,1,1,1,1,1,2,1,'2015-07-18 00:00:00',1,NULL,NULL),(61,32,2,1,1,1,1,1,2,1,'2015-07-18 00:00:00',1,NULL,NULL),(64,7,2,1,1,1,1,1,3,1,'2015-07-18 00:00:00',1,NULL,NULL),(65,25,2,1,1,1,1,1,3,1,'2015-07-18 00:00:00',1,NULL,NULL),(66,29,2,1,1,1,1,1,3,1,'2015-07-18 00:00:00',1,NULL,NULL),(67,31,2,1,1,1,1,1,3,1,'2015-07-18 00:00:00',1,NULL,NULL),(68,33,2,1,1,1,1,1,3,1,'2015-07-18 00:00:00',1,NULL,NULL),(71,5,2,1,1,1,1,1,4,1,'2015-07-18 00:00:00',1,NULL,NULL),(72,23,2,1,1,1,1,1,4,1,'2015-07-18 00:00:00',1,NULL,NULL),(73,26,2,1,1,1,1,1,4,1,'2015-07-18 00:00:00',1,NULL,NULL),(74,27,2,1,1,1,1,1,4,1,'2015-07-18 00:00:00',1,NULL,NULL),(75,31,2,1,1,1,1,1,4,1,'2015-07-18 00:00:00',1,NULL,NULL),(78,6,2,1,1,1,1,1,5,1,'2015-07-18 00:00:00',1,NULL,NULL),(79,8,2,1,1,1,1,1,5,1,'2015-07-18 00:00:00',1,NULL,NULL),(80,25,2,1,1,1,1,1,5,1,'2015-07-18 00:00:00',1,NULL,NULL),(81,28,2,1,1,1,1,1,5,1,'2015-07-18 00:00:00',1,NULL,NULL),(82,34,2,1,1,1,1,1,5,1,'2015-07-18 00:00:00',1,NULL,NULL),(85,6,2,1,1,1,1,1,6,1,'2015-07-18 00:00:00',1,NULL,NULL),(86,23,2,1,1,1,1,1,6,1,'2015-07-18 00:00:00',1,NULL,NULL),(87,27,2,1,1,1,1,1,6,1,'2015-07-18 00:00:00',1,NULL,NULL),(88,30,2,1,1,1,1,1,6,1,'2015-07-18 00:00:00',1,NULL,NULL),(89,32,2,1,1,1,1,1,6,1,'2015-07-18 00:00:00',1,NULL,NULL),(92,4,2,1,1,1,1,1,7,1,'2015-07-18 00:00:00',1,NULL,NULL),(93,8,2,1,1,1,1,1,7,1,'2015-07-18 00:00:00',1,NULL,NULL),(94,24,2,1,1,1,1,1,7,1,'2015-07-18 00:00:00',1,NULL,NULL),(95,26,2,1,1,1,1,1,7,1,'2015-07-18 00:00:00',1,NULL,NULL),(96,32,2,1,1,1,1,1,7,1,'2015-07-18 00:00:00',1,NULL,NULL),(99,5,2,1,1,1,1,1,8,1,'2015-07-18 00:00:00',1,NULL,NULL),(100,7,2,1,1,1,1,1,8,1,'2015-07-18 00:00:00',1,NULL,NULL),(101,25,2,1,1,1,1,1,8,1,'2015-07-18 00:00:00',1,NULL,NULL),(102,28,2,1,1,1,1,1,8,1,'2015-07-18 00:00:00',1,NULL,NULL),(103,31,2,1,1,1,1,1,8,1,'2015-07-18 00:00:00',1,NULL,NULL),(106,5,2,1,1,1,1,1,9,1,'2015-07-18 00:00:00',1,NULL,NULL),(107,23,2,1,1,1,1,1,9,1,'2015-07-18 00:00:00',1,NULL,NULL),(108,27,2,1,1,1,1,1,9,1,'2015-07-18 00:00:00',1,NULL,NULL),(109,30,2,1,1,1,1,1,9,1,'2015-07-18 00:00:00',1,NULL,NULL),(110,32,2,1,1,1,1,1,9,1,'2015-07-18 00:00:00',1,NULL,NULL),(111,33,2,1,1,1,1,1,9,1,'2015-07-18 00:00:00',1,NULL,NULL),(113,4,2,1,1,1,1,1,10,1,'2015-07-18 00:00:00',1,NULL,NULL),(114,6,2,1,1,1,1,1,10,1,'2015-07-18 00:00:00',1,NULL,NULL),(115,24,2,1,1,1,1,1,10,1,'2015-07-18 00:00:00',1,NULL,NULL),(116,28,2,1,1,1,1,1,10,1,'2015-07-18 00:00:00',1,NULL,NULL),(120,3,2,1,1,1,1,1,11,1,'2015-07-18 00:00:00',1,NULL,NULL),(121,8,2,1,1,1,1,1,11,1,'2015-07-18 00:00:00',1,NULL,NULL),(122,26,2,1,1,1,1,1,11,1,'2015-07-18 00:00:00',1,NULL,NULL),(123,31,2,1,1,1,1,1,11,1,'2015-07-18 00:00:00',1,NULL,NULL),(124,34,2,1,1,1,1,1,11,1,'2015-07-18 00:00:00',1,NULL,NULL),(127,23,2,1,1,1,1,1,12,1,'2015-07-18 00:00:00',1,NULL,NULL),(128,25,2,1,1,1,1,1,12,1,'2015-07-18 00:00:00',1,NULL,NULL),(129,29,2,1,1,1,1,1,12,1,'2015-07-18 00:00:00',1,NULL,NULL),(130,3,2,1,1,1,1,1,13,1,'2015-07-18 00:00:00',1,NULL,NULL),(131,5,2,1,1,1,1,1,13,1,'2015-07-18 00:00:00',1,NULL,NULL),(132,27,2,1,1,1,1,1,13,1,'2015-07-18 00:00:00',1,NULL,NULL),(133,32,2,1,1,1,1,1,13,1,'2015-07-18 00:00:00',1,NULL,NULL),(137,4,2,1,1,1,1,1,14,1,'2015-07-18 00:00:00',1,NULL,NULL),(138,7,2,1,1,1,1,1,14,1,'2015-07-18 00:00:00',1,NULL,NULL),(139,26,2,1,1,1,1,1,14,1,'2015-07-18 00:00:00',1,NULL,NULL),(140,30,2,1,1,1,1,1,14,1,'2015-07-18 00:00:00',1,NULL,NULL),(144,6,2,1,1,1,1,1,15,1,'2015-07-18 00:00:00',1,NULL,NULL),(145,23,2,1,1,1,1,1,15,1,'2015-07-18 00:00:00',1,NULL,NULL),(146,24,2,1,1,1,1,1,15,1,'2015-07-18 00:00:00',1,NULL,NULL),(147,29,2,1,1,1,1,1,15,1,'2015-07-18 00:00:00',1,NULL,NULL),(148,34,2,1,1,1,1,1,15,1,'2015-07-18 00:00:00',1,NULL,NULL),(151,5,2,1,1,1,1,1,16,1,'2015-07-18 00:00:00',1,NULL,NULL),(152,8,2,1,1,1,1,1,16,1,'2015-07-18 00:00:00',1,NULL,NULL),(153,27,2,1,1,1,1,1,16,1,'2015-07-18 00:00:00',1,NULL,NULL),(154,32,2,1,1,1,1,1,16,1,'2015-07-18 00:00:00',1,NULL,NULL),(158,7,2,1,1,1,1,1,17,1,'2015-07-18 00:00:00',1,NULL,NULL),(159,25,2,1,1,1,1,1,17,1,'2015-07-18 00:00:00',1,NULL,NULL),(160,28,2,1,1,1,1,1,17,1,'2015-07-18 00:00:00',1,NULL,NULL),(161,6,2,1,1,1,1,1,18,1,'2015-07-18 00:00:00',1,NULL,NULL),(162,23,2,1,1,1,1,1,18,1,'2015-07-18 00:00:00',1,NULL,NULL),(163,30,2,1,1,1,1,1,18,1,'2015-07-18 00:00:00',1,NULL,NULL),(164,33,2,1,1,1,1,1,18,1,'2015-07-18 00:00:00',1,NULL,NULL),(168,3,2,1,1,1,1,1,19,1,'2015-07-18 00:00:00',1,NULL,NULL),(169,7,2,1,1,1,1,1,19,1,'2015-07-18 00:00:00',1,NULL,NULL),(170,26,2,1,1,1,1,1,19,1,'2015-07-18 00:00:00',1,NULL,NULL),(171,27,2,1,1,1,1,1,19,1,'2015-07-18 00:00:00',1,NULL,NULL),(172,31,2,1,1,1,1,1,19,1,'2015-07-18 00:00:00',1,NULL,NULL),(175,5,2,1,1,1,1,1,20,1,'2015-07-18 00:00:00',1,NULL,NULL),(176,8,2,1,1,1,1,1,20,1,'2015-07-18 00:00:00',1,NULL,NULL),(177,24,2,1,1,1,1,1,20,1,'2015-07-18 00:00:00',1,NULL,NULL),(178,28,2,1,1,1,1,1,20,1,'2015-07-18 00:00:00',1,NULL,NULL),(179,34,2,1,1,1,1,1,20,1,'2015-07-18 00:00:00',1,NULL,NULL),(182,4,2,1,1,1,1,1,21,1,'2015-07-18 00:00:00',1,NULL,NULL),(183,7,2,1,1,1,1,1,21,1,'2015-07-18 00:00:00',1,NULL,NULL),(184,26,2,1,1,1,1,1,21,1,'2015-07-18 00:00:00',1,NULL,NULL),(185,29,2,1,1,1,1,1,21,1,'2015-07-18 00:00:00',1,NULL,NULL),(186,32,2,1,1,1,1,1,21,1,'2015-07-18 00:00:00',1,NULL,NULL),(189,6,2,1,1,1,1,1,22,1,'2015-07-18 00:00:00',1,NULL,NULL),(190,8,2,1,1,1,1,1,22,1,'2015-07-18 00:00:00',1,NULL,NULL),(191,25,2,1,1,1,1,1,22,1,'2015-07-18 00:00:00',1,NULL,NULL),(192,28,2,1,1,1,1,1,22,1,'2015-07-18 00:00:00',1,NULL,NULL),(193,33,2,1,1,1,1,1,22,1,'2015-07-18 00:00:00',1,NULL,NULL),(196,5,2,1,1,1,1,1,23,1,'2015-07-18 00:00:00',1,NULL,NULL),(197,24,2,1,1,1,1,1,23,1,'2015-07-18 00:00:00',1,NULL,NULL),(198,27,2,1,1,1,1,1,23,1,'2015-07-18 00:00:00',1,NULL,NULL),(199,30,2,1,1,1,1,1,23,1,'2015-07-18 00:00:00',1,NULL,NULL),(200,33,2,1,1,1,1,1,23,1,'2015-07-18 00:00:00',1,NULL,NULL),(203,4,2,1,1,1,1,1,24,1,'2015-07-18 00:00:00',1,NULL,NULL),(204,23,2,1,1,1,1,1,24,1,'2015-07-18 00:00:00',1,NULL,NULL),(205,28,2,1,1,1,1,1,24,1,'2015-07-18 00:00:00',1,NULL,NULL),(206,31,2,1,1,1,1,1,24,1,'2015-07-18 00:00:00',1,NULL,NULL),(207,32,2,1,1,1,1,1,24,1,'2015-07-18 00:00:00',1,NULL,NULL),(208,34,2,1,1,1,1,1,24,1,'2015-07-18 00:00:00',1,NULL,NULL),(209,300,1,1,1,1,1,1,1,1,'2015-07-18 00:00:00',1,NULL,NULL),(210,300,1,1,1,1,1,1,2,1,'2015-07-19 00:00:00',1,NULL,NULL),(211,300,1,1,1,1,1,1,3,1,'2015-07-19 00:00:00',1,NULL,NULL),(212,300,1,1,1,1,1,1,4,1,'2015-07-19 00:00:00',1,NULL,NULL),(213,300,1,1,1,1,1,1,5,1,'2015-07-19 00:00:00',1,NULL,NULL),(214,300,1,1,1,1,1,1,6,1,'2015-07-19 00:00:00',1,NULL,NULL),(215,300,1,1,1,1,1,1,7,1,'2015-07-19 00:00:00',1,NULL,NULL),(216,300,1,1,1,1,1,1,8,1,'2015-07-19 00:00:00',1,NULL,NULL),(217,300,1,1,1,1,1,1,9,1,'2015-07-19 00:00:00',1,NULL,NULL),(218,300,1,1,1,1,1,1,10,1,'2015-07-19 00:00:00',1,NULL,NULL),(219,300,1,1,1,1,1,1,11,1,'2015-07-19 00:00:00',1,NULL,NULL),(220,300,1,1,1,1,1,1,12,1,'2015-07-19 00:00:00',1,NULL,NULL),(221,300,1,1,1,1,1,1,13,1,'2015-07-19 00:00:00',1,NULL,NULL),(222,300,1,1,1,1,1,1,14,1,'2015-07-19 00:00:00',1,NULL,NULL),(223,300,1,1,1,1,1,1,15,1,'2015-07-19 00:00:00',1,NULL,NULL),(224,300,1,1,1,1,1,1,16,1,'2015-07-19 00:00:00',1,NULL,NULL),(225,300,1,1,1,1,1,1,17,1,'2015-07-19 00:00:00',1,NULL,NULL),(226,300,1,1,1,1,1,1,18,1,'2015-07-19 00:00:00',1,NULL,NULL),(227,300,1,1,1,1,1,1,19,1,'2015-07-19 00:00:00',1,NULL,NULL),(228,300,1,1,1,1,1,1,20,1,'2015-07-19 00:00:00',1,NULL,NULL),(229,300,1,1,1,1,1,1,21,1,'2015-07-19 00:00:00',1,NULL,NULL),(230,300,1,1,1,1,1,1,22,1,'2015-07-19 00:00:00',1,NULL,NULL),(231,300,1,1,1,1,1,1,23,1,'2015-07-19 00:00:00',1,NULL,NULL),(232,300,1,1,1,1,1,1,24,1,'2015-07-19 00:00:00',1,NULL,NULL),(233,300,2,1,1,1,1,1,6,1,'2015-07-18 00:00:00',1,NULL,NULL),(234,300,2,1,1,1,1,1,1,1,'2015-07-18 00:00:00',1,NULL,NULL),(235,300,2,1,1,1,1,1,5,1,'2015-07-18 00:00:00',1,NULL,NULL),(236,300,2,1,1,1,1,1,3,1,'2015-07-18 00:00:00',1,NULL,NULL),(237,300,2,1,1,1,1,1,2,1,'2015-07-18 00:00:00',1,NULL,NULL),(238,300,2,1,1,1,1,1,14,1,'2015-07-18 00:00:00',1,NULL,NULL),(239,300,2,1,1,1,1,1,10,1,'2015-07-18 00:00:00',1,NULL,NULL),(240,300,2,1,1,1,1,1,16,1,'2015-07-18 00:00:00',1,NULL,NULL),(241,300,2,1,1,1,1,1,24,1,'2015-07-18 00:00:00',1,NULL,NULL),(242,300,2,1,1,1,1,1,20,1,'2015-07-18 00:00:00',1,NULL,NULL),(243,300,2,1,1,1,1,1,22,1,'2015-07-18 00:00:00',1,NULL,NULL),(244,300,2,1,1,1,1,1,12,1,'2015-07-18 00:00:00',1,NULL,NULL),(245,300,2,1,1,1,1,1,13,1,'2015-07-18 00:00:00',1,NULL,NULL),(246,300,2,1,1,1,1,1,15,1,'2015-07-18 00:00:00',1,NULL,NULL),(247,300,2,1,1,1,1,1,17,1,'2015-07-18 00:00:00',1,NULL,NULL),(248,300,2,1,1,1,1,1,18,1,'2015-07-18 00:00:00',1,NULL,NULL),(249,300,2,1,1,1,1,1,19,1,'2015-07-18 00:00:00',1,NULL,NULL),(250,300,2,1,1,1,1,1,23,1,'2015-07-18 00:00:00',1,NULL,NULL),(251,300,2,1,1,1,1,1,1,1,'2015-07-18 00:00:00',1,NULL,NULL),(252,300,2,1,1,1,1,1,1,1,'2015-07-18 00:00:00',1,NULL,NULL),(253,300,2,1,1,1,1,1,1,1,'2015-07-18 00:00:00',1,NULL,NULL),(254,300,2,1,1,1,1,1,1,1,'2015-07-18 00:00:00',1,NULL,NULL),(255,300,2,1,1,1,1,1,1,1,'2015-07-18 00:00:00',1,NULL,NULL),(256,300,2,1,1,1,1,1,1,1,'2015-07-18 00:00:00',1,NULL,NULL),(257,300,2,1,1,1,1,1,1,1,'2015-07-18 00:00:00',1,NULL,NULL),(258,300,2,1,1,1,1,1,1,1,'2015-07-18 00:00:00',1,NULL,NULL),(259,300,2,1,1,1,1,1,1,1,'2015-07-18 00:00:00',1,NULL,NULL),(260,300,2,1,1,1,1,1,1,1,'2015-07-18 00:00:00',1,NULL,NULL),(261,300,2,1,1,1,1,1,2,1,'2015-07-18 00:00:00',1,NULL,NULL),(262,300,2,1,1,1,1,1,2,1,'2015-07-18 00:00:00',1,NULL,NULL),(263,300,2,1,1,1,1,1,2,1,'2015-07-18 00:00:00',1,NULL,NULL),(264,300,2,1,1,1,1,1,2,1,'2015-07-18 00:00:00',1,NULL,NULL),(265,300,2,1,1,1,1,1,2,1,'2015-07-18 00:00:00',1,NULL,NULL),(266,300,2,1,1,1,1,1,3,1,'2015-07-18 00:00:00',1,NULL,NULL),(267,300,2,1,1,1,1,1,3,1,'2015-07-18 00:00:00',1,NULL,NULL),(268,300,2,1,1,1,1,1,3,1,'2015-07-18 00:00:00',1,NULL,NULL),(269,300,2,1,1,1,1,1,3,1,'2015-07-18 00:00:00',1,NULL,NULL),(270,300,2,1,1,1,1,1,3,1,'2015-07-18 00:00:00',1,NULL,NULL),(271,300,2,1,1,1,1,1,4,1,'2015-07-18 00:00:00',1,NULL,NULL),(272,300,2,1,1,1,1,1,4,1,'2015-07-18 00:00:00',1,NULL,NULL),(273,300,2,1,1,1,1,1,4,1,'2015-07-18 00:00:00',1,NULL,NULL),(274,300,2,1,1,1,1,1,4,1,'2015-07-18 00:00:00',1,NULL,NULL),(275,300,2,1,1,1,1,1,4,1,'2015-07-18 00:00:00',1,NULL,NULL),(276,300,2,1,1,1,1,1,5,1,'2015-07-18 00:00:00',1,NULL,NULL),(277,300,2,1,1,1,1,1,5,1,'2015-07-18 00:00:00',1,NULL,NULL),(278,300,2,1,1,1,1,1,5,1,'2015-07-18 00:00:00',1,NULL,NULL),(279,300,2,1,1,1,1,1,5,1,'2015-07-18 00:00:00',1,NULL,NULL),(280,300,2,1,1,1,1,1,5,1,'2015-07-18 00:00:00',1,NULL,NULL),(281,300,2,1,1,1,1,1,6,1,'2015-07-18 00:00:00',1,NULL,NULL),(282,300,2,1,1,1,1,1,6,1,'2015-07-18 00:00:00',1,NULL,NULL),(283,300,2,1,1,1,1,1,6,1,'2015-07-18 00:00:00',1,NULL,NULL),(284,300,2,1,1,1,1,1,6,1,'2015-07-18 00:00:00',1,NULL,NULL),(285,300,2,1,1,1,1,1,6,1,'2015-07-18 00:00:00',1,NULL,NULL),(286,300,2,1,1,1,1,1,7,1,'2015-07-18 00:00:00',1,NULL,NULL),(287,300,2,1,1,1,1,1,7,1,'2015-07-18 00:00:00',1,NULL,NULL),(288,300,2,1,1,1,1,1,7,1,'2015-07-18 00:00:00',1,NULL,NULL),(289,300,2,1,1,1,1,1,7,1,'2015-07-18 00:00:00',1,NULL,NULL),(290,300,2,1,1,1,1,1,7,1,'2015-07-18 00:00:00',1,NULL,NULL),(291,300,2,1,1,1,1,1,8,1,'2015-07-18 00:00:00',1,NULL,NULL),(292,300,2,1,1,1,1,1,8,1,'2015-07-18 00:00:00',1,NULL,NULL),(293,300,2,1,1,1,1,1,8,1,'2015-07-18 00:00:00',1,NULL,NULL),(294,300,2,1,1,1,1,1,8,1,'2015-07-18 00:00:00',1,NULL,NULL),(295,300,2,1,1,1,1,1,8,1,'2015-07-18 00:00:00',1,NULL,NULL),(296,300,2,1,1,1,1,1,9,1,'2015-07-18 00:00:00',1,NULL,NULL),(297,300,2,1,1,1,1,1,9,1,'2015-07-18 00:00:00',1,NULL,NULL),(298,300,2,1,1,1,1,1,9,1,'2015-07-18 00:00:00',1,NULL,NULL),(299,300,2,1,1,1,1,1,9,1,'2015-07-18 00:00:00',1,NULL,NULL),(300,300,2,1,1,1,1,1,9,1,'2015-07-18 00:00:00',1,NULL,NULL),(301,300,2,1,1,1,1,1,9,1,'2015-07-18 00:00:00',1,NULL,NULL),(302,300,2,1,1,1,1,1,10,1,'2015-07-18 00:00:00',1,NULL,NULL),(303,300,2,1,1,1,1,1,10,1,'2015-07-18 00:00:00',1,NULL,NULL),(304,300,2,1,1,1,1,1,10,1,'2015-07-18 00:00:00',1,NULL,NULL),(305,300,2,1,1,1,1,1,10,1,'2015-07-18 00:00:00',1,NULL,NULL),(306,300,2,1,1,1,1,1,11,1,'2015-07-18 00:00:00',1,NULL,NULL),(307,300,2,1,1,1,1,1,11,1,'2015-07-18 00:00:00',1,NULL,NULL),(308,300,2,1,1,1,1,1,11,1,'2015-07-18 00:00:00',1,NULL,NULL),(309,300,2,1,1,1,1,1,11,1,'2015-07-18 00:00:00',1,NULL,NULL),(310,300,2,1,1,1,1,1,11,1,'2015-07-18 00:00:00',1,NULL,NULL),(311,300,2,1,1,1,1,1,12,1,'2015-07-18 00:00:00',1,NULL,NULL),(312,300,2,1,1,1,1,1,12,1,'2015-07-18 00:00:00',1,NULL,NULL),(313,300,2,1,1,1,1,1,12,1,'2015-07-18 00:00:00',1,NULL,NULL),(314,300,2,1,1,1,1,1,13,1,'2015-07-18 00:00:00',1,NULL,NULL),(315,300,2,1,1,1,1,1,13,1,'2015-07-18 00:00:00',1,NULL,NULL),(316,300,2,1,1,1,1,1,13,1,'2015-07-18 00:00:00',1,NULL,NULL),(317,300,2,1,1,1,1,1,13,1,'2015-07-18 00:00:00',1,NULL,NULL),(318,300,2,1,1,1,1,1,14,1,'2015-07-18 00:00:00',1,NULL,NULL),(319,300,2,1,1,1,1,1,14,1,'2015-07-18 00:00:00',1,NULL,NULL),(320,300,2,1,1,1,1,1,14,1,'2015-07-18 00:00:00',1,NULL,NULL),(321,300,2,1,1,1,1,1,14,1,'2015-07-18 00:00:00',1,NULL,NULL),(322,300,2,1,1,1,1,1,15,1,'2015-07-18 00:00:00',1,NULL,NULL),(323,300,2,1,1,1,1,1,15,1,'2015-07-18 00:00:00',1,NULL,NULL),(324,300,2,1,1,1,1,1,15,1,'2015-07-18 00:00:00',1,NULL,NULL),(325,300,2,1,1,1,1,1,15,1,'2015-07-18 00:00:00',1,NULL,NULL),(326,300,2,1,1,1,1,1,15,1,'2015-07-18 00:00:00',1,NULL,NULL),(327,300,2,1,1,1,1,1,16,1,'2015-07-18 00:00:00',1,NULL,NULL),(328,300,2,1,1,1,1,1,16,1,'2015-07-18 00:00:00',1,NULL,NULL),(329,300,2,1,1,1,1,1,16,1,'2015-07-18 00:00:00',1,NULL,NULL),(330,300,2,1,1,1,1,1,16,1,'2015-07-18 00:00:00',1,NULL,NULL),(331,300,2,1,1,1,1,1,17,1,'2015-07-18 00:00:00',1,NULL,NULL),(332,300,2,1,1,1,1,1,17,1,'2015-07-18 00:00:00',1,NULL,NULL),(333,300,2,1,1,1,1,1,17,1,'2015-07-18 00:00:00',1,NULL,NULL),(334,300,2,1,1,1,1,1,18,1,'2015-07-18 00:00:00',1,NULL,NULL),(335,300,2,1,1,1,1,1,18,1,'2015-07-18 00:00:00',1,NULL,NULL),(336,300,2,1,1,1,1,1,18,1,'2015-07-18 00:00:00',1,NULL,NULL),(337,300,2,1,1,1,1,1,18,1,'2015-07-18 00:00:00',1,NULL,NULL),(338,300,2,1,1,1,1,1,19,1,'2015-07-18 00:00:00',1,NULL,NULL),(339,300,2,1,1,1,1,1,19,1,'2015-07-18 00:00:00',1,NULL,NULL),(340,300,2,1,1,1,1,1,19,1,'2015-07-18 00:00:00',1,NULL,NULL),(341,300,2,1,1,1,1,1,19,1,'2015-07-18 00:00:00',1,NULL,NULL),(342,300,2,1,1,1,1,1,19,1,'2015-07-18 00:00:00',1,NULL,NULL),(343,300,2,1,1,1,1,1,20,1,'2015-07-18 00:00:00',1,NULL,NULL),(344,300,2,1,1,1,1,1,20,1,'2015-07-18 00:00:00',1,NULL,NULL),(345,300,2,1,1,1,1,1,20,1,'2015-07-18 00:00:00',1,NULL,NULL),(346,300,2,1,1,1,1,1,20,1,'2015-07-18 00:00:00',1,NULL,NULL),(347,300,2,1,1,1,1,1,20,1,'2015-07-18 00:00:00',1,NULL,NULL),(348,300,2,1,1,1,1,1,21,1,'2015-07-18 00:00:00',1,NULL,NULL),(349,300,2,1,1,1,1,1,21,1,'2015-07-18 00:00:00',1,NULL,NULL),(350,300,2,1,1,1,1,1,21,1,'2015-07-18 00:00:00',1,NULL,NULL),(351,300,2,1,1,1,1,1,21,1,'2015-07-18 00:00:00',1,NULL,NULL),(352,300,2,1,1,1,1,1,21,1,'2015-07-18 00:00:00',1,NULL,NULL),(353,300,2,1,1,1,1,1,22,1,'2015-07-18 00:00:00',1,NULL,NULL),(354,300,2,1,1,1,1,1,22,1,'2015-07-18 00:00:00',1,NULL,NULL),(355,300,2,1,1,1,1,1,22,1,'2015-07-18 00:00:00',1,NULL,NULL),(356,300,2,1,1,1,1,1,22,1,'2015-07-18 00:00:00',1,NULL,NULL),(357,300,2,1,1,1,1,1,22,1,'2015-07-18 00:00:00',1,NULL,NULL),(358,300,2,1,1,1,1,1,23,1,'2015-07-18 00:00:00',1,NULL,NULL),(359,300,2,1,1,1,1,1,23,1,'2015-07-18 00:00:00',1,NULL,NULL),(360,300,2,1,1,1,1,1,23,1,'2015-07-18 00:00:00',1,NULL,NULL),(361,300,2,1,1,1,1,1,23,1,'2015-07-18 00:00:00',1,NULL,NULL),(362,300,2,1,1,1,1,1,23,1,'2015-07-18 00:00:00',1,NULL,NULL),(363,300,2,1,1,1,1,1,24,1,'2015-07-18 00:00:00',1,NULL,NULL),(364,300,2,1,1,1,1,1,24,1,'2015-07-18 00:00:00',1,NULL,NULL),(365,300,2,1,1,1,1,1,24,1,'2015-07-18 00:00:00',1,NULL,NULL),(366,300,2,1,1,1,1,1,24,1,'2015-07-18 00:00:00',1,NULL,NULL),(367,300,2,1,1,1,1,1,24,1,'2015-07-18 00:00:00',1,NULL,NULL),(368,300,2,1,1,1,1,1,24,1,'2015-07-18 00:00:00',1,NULL,NULL),(431,88,1,1,1,1,1,1,1,1,'2015-07-18 00:00:00',1,NULL,NULL),(432,88,1,1,1,1,1,1,2,1,'2015-07-19 00:00:00',1,NULL,NULL),(433,88,1,1,1,1,1,1,3,1,'2015-07-19 00:00:00',1,NULL,NULL),(434,88,1,1,1,1,1,1,4,1,'2015-07-19 00:00:00',1,NULL,NULL),(435,88,1,1,1,1,1,1,5,1,'2015-07-19 00:00:00',1,NULL,NULL),(436,88,1,1,1,1,1,1,6,1,'2015-07-19 00:00:00',1,NULL,NULL),(437,88,1,1,1,1,1,1,7,1,'2015-07-19 00:00:00',1,NULL,NULL),(438,88,1,1,1,1,1,1,8,1,'2015-07-19 00:00:00',1,NULL,NULL),(439,88,1,1,1,1,1,1,9,1,'2015-07-19 00:00:00',1,NULL,NULL),(440,88,1,1,1,1,1,1,10,1,'2015-07-19 00:00:00',1,NULL,NULL),(441,88,1,1,1,1,1,1,11,1,'2015-07-19 00:00:00',1,NULL,NULL),(442,88,1,1,1,1,1,1,12,1,'2015-07-19 00:00:00',1,NULL,NULL),(443,88,1,1,1,1,1,1,13,1,'2015-07-19 00:00:00',1,NULL,NULL),(444,88,1,1,1,1,1,1,14,1,'2015-07-19 00:00:00',1,NULL,NULL),(445,88,1,1,1,1,1,1,15,1,'2015-07-19 00:00:00',1,NULL,NULL),(446,88,1,1,1,1,1,1,16,1,'2015-07-19 00:00:00',1,NULL,NULL),(447,88,1,1,1,1,1,1,17,1,'2015-07-19 00:00:00',1,NULL,NULL),(448,88,1,1,1,1,1,1,18,1,'2015-07-19 00:00:00',1,NULL,NULL),(449,88,1,1,1,1,1,1,19,1,'2015-07-19 00:00:00',1,NULL,NULL),(450,88,1,1,1,1,1,1,20,1,'2015-07-19 00:00:00',1,NULL,NULL),(451,88,1,1,1,1,1,1,21,1,'2015-07-19 00:00:00',1,NULL,NULL),(452,88,1,1,1,1,1,1,22,1,'2015-07-19 00:00:00',1,NULL,NULL),(453,88,1,1,1,1,1,1,23,1,'2015-07-19 00:00:00',1,NULL,NULL),(454,88,1,1,1,1,1,1,24,1,'2015-07-19 00:00:00',1,NULL,NULL);
/*!40000 ALTER TABLE `ienmp` ENABLE KEYS */;
UNLOCK TABLES;

--
-- Table structure for table `incmp`
--

DROP TABLE IF EXISTS `incmp`;
/*!40101 SET @saved_cs_client     = @@character_set_client */;
/*!40101 SET character_set_client = utf8 */;
CREATE TABLE `incmp` (
  `MPNID` int(11) NOT NULL AUTO_INCREMENT COMMENT 'Mapping ID',
  `ACTIV` tinyint(1) DEFAULT '1' COMMENT 'Active FlagTrue / False',
  `CRTDT` datetime NOT NULL COMMENT 'Created Date',
  `CRTBY` bigint(16) NOT NULL COMMENT 'Created By',
  `CHNDT` datetime DEFAULT NULL COMMENT 'Changed Date',
  `CHNBY` bigint(16) DEFAULT NULL COMMENT 'Changed By',
  `ITYID` int(4) NOT NULL COMMENT 'Intent Type ID',
  `ITCMT` int(4) NOT NULL COMMENT 'Intent Category ID',
  PRIMARY KEY (`MPNID`),
  KEY `ITCMT` (`ITCMT`),
  KEY `ITYID` (`ITYID`),
  CONSTRAINT `incmp_ibfk_1` FOREIGN KEY (`ITCMT`) REFERENCES `itcmt` (`ITCMT`),
  CONSTRAINT `incmp_ibfk_2` FOREIGN KEY (`ITYID`) REFERENCES `itymt` (`ITYID`)
) ENGINE=InnoDB DEFAULT CHARSET=latin1 COMMENT='Intent type - category master';
/*!40101 SET character_set_client = @saved_cs_client */;

--
-- Dumping data for table `incmp`
--

LOCK TABLES `incmp` WRITE;
/*!40000 ALTER TABLE `incmp` DISABLE KEYS */;
/*!40000 ALTER TABLE `incmp` ENABLE KEYS */;
UNLOCK TABLES;

--
-- Table structure for table `intmp`
--

DROP TABLE IF EXISTS `intmp`;
/*!40101 SET @saved_cs_client     = @@character_set_client */;
/*!40101 SET character_set_client = utf8 */;
CREATE TABLE `intmp` (
  `MPNID` int(11) NOT NULL COMMENT 'Mapping ID',
  `ACTIV` tinyint(1) DEFAULT NULL COMMENT 'Active Flag',
  `CRTDT` datetime DEFAULT NULL COMMENT 'Created Date',
  `CRTBY` bigint(16) DEFAULT NULL COMMENT 'Created By',
  `CHNDT` datetime DEFAULT NULL COMMENT 'Changed Date',
  `CHNBY` binary(8) DEFAULT NULL COMMENT 'Changed By',
  `INTID` int(11) NOT NULL COMMENT 'Intent ID',
  `ITCMT` int(11) NOT NULL COMMENT 'Intent Category ID',
  PRIMARY KEY (`MPNID`),
  KEY `INTID` (`INTID`),
  KEY `ITCMT` (`ITCMT`),
  CONSTRAINT `intmp_ibfk_1` FOREIGN KEY (`INTID`) REFERENCES `intmt` (`INTID`),
  CONSTRAINT `intmp_ibfk_2` FOREIGN KEY (`ITCMT`) REFERENCES `itcmt` (`ITCMT`)
) ENGINE=InnoDB DEFAULT CHARSET=latin1 COMMENT='Intent Category - Intent Master';
/*!40101 SET character_set_client = @saved_cs_client */;

--
-- Dumping data for table `intmp`
--

LOCK TABLES `intmp` WRITE;
/*!40000 ALTER TABLE `intmp` DISABLE KEYS */;
/*!40000 ALTER TABLE `intmp` ENABLE KEYS */;
UNLOCK TABLES;

--
-- Table structure for table `intmt`
--

DROP TABLE IF EXISTS `intmt`;
/*!40101 SET @saved_cs_client     = @@character_set_client */;
/*!40101 SET character_set_client = utf8 */;
CREATE TABLE `intmt` (
  `INTID` int(4) NOT NULL AUTO_INCREMENT COMMENT 'Intent ID',
  `DESCR` varchar(40) NOT NULL COMMENT 'Description',
  `ACTIV` tinyint(1) DEFAULT '1' COMMENT 'On/Off',
  `CRTDT` datetime NOT NULL COMMENT 'Created Date',
  `CRTBY` bigint(16) NOT NULL COMMENT 'Created By',
  `CHNDT` datetime DEFAULT NULL COMMENT 'Changed Date',
  `CHNBY` bigint(16) DEFAULT NULL COMMENT 'Changed By',
  `ITCMT` int(4) NOT NULL COMMENT 'Intent Category ID',
  `ITYID` int(4) NOT NULL COMMENT 'Intent Type ID',
  PRIMARY KEY (`INTID`)
) ENGINE=InnoDB DEFAULT CHARSET=latin1 COMMENT='Intent Master';
/*!40101 SET character_set_client = @saved_cs_client */;

--
-- Dumping data for table `intmt`
--

LOCK TABLES `intmt` WRITE;
/*!40000 ALTER TABLE `intmt` DISABLE KEYS */;
/*!40000 ALTER TABLE `intmt` ENABLE KEYS */;
UNLOCK TABLES;

--
-- Table structure for table `itcmt`
--

DROP TABLE IF EXISTS `itcmt`;
/*!40101 SET @saved_cs_client     = @@character_set_client */;
/*!40101 SET character_set_client = utf8 */;
CREATE TABLE `itcmt` (
  `ITCMT` int(4) NOT NULL AUTO_INCREMENT COMMENT 'Intent Category ID',
  `DESCR` varchar(40) NOT NULL COMMENT 'Description',
  `ACTIV` tinyint(1) NOT NULL DEFAULT '1' COMMENT 'on/off',
  `CRTDT` datetime NOT NULL COMMENT 'Created Date',
  `CRTBY` bigint(16) NOT NULL COMMENT 'Created By',
  `CHNDT` datetime DEFAULT NULL COMMENT 'Changed Date',
  `CHNBY` bigint(16) DEFAULT NULL COMMENT 'Changed By',
  `ITYID` int(4) NOT NULL COMMENT 'Intent Type ID',
  PRIMARY KEY (`ITCMT`)
) ENGINE=InnoDB DEFAULT CHARSET=latin1 COMMENT='Intent category master';
/*!40101 SET character_set_client = @saved_cs_client */;

--
-- Dumping data for table `itcmt`
--

LOCK TABLES `itcmt` WRITE;
/*!40000 ALTER TABLE `itcmt` DISABLE KEYS */;
/*!40000 ALTER TABLE `itcmt` ENABLE KEYS */;
UNLOCK TABLES;

--
-- Table structure for table `itymt`
--

DROP TABLE IF EXISTS `itymt`;
/*!40101 SET @saved_cs_client     = @@character_set_client */;
/*!40101 SET character_set_client = utf8 */;
CREATE TABLE `itymt` (
  `ITYID` int(4) NOT NULL AUTO_INCREMENT COMMENT 'Intent Type ID',
  `DESCR` varchar(40) NOT NULL COMMENT 'Description',
  `ACTIV` tinyint(1) NOT NULL DEFAULT '1' COMMENT 'Active Flag',
  `CRTDT` datetime NOT NULL COMMENT 'Created Date',
  `CRTBY` bigint(16) NOT NULL COMMENT 'Created By',
  `CHNDT` datetime DEFAULT NULL COMMENT 'Changed Date',
  `CHNBY` bigint(16) DEFAULT NULL COMMENT 'Changed By',
  PRIMARY KEY (`ITYID`)
) ENGINE=InnoDB AUTO_INCREMENT=4 DEFAULT CHARSET=latin1 COMMENT='Intent Type Master';
/*!40101 SET character_set_client = @saved_cs_client */;

--
-- Dumping data for table `itymt`
--

LOCK TABLES `itymt` WRITE;
/*!40000 ALTER TABLE `itymt` DISABLE KEYS */;
INSERT INTO `itymt` VALUES (1,'Book',1,'2015-07-23 00:00:00',1,NULL,NULL),(2,'Order',1,'2015-07-23 00:00:00',1,NULL,NULL),(3,'Quote',1,'2015-07-23 00:00:00',1,NULL,NULL);
/*!40000 ALTER TABLE `itymt` ENABLE KEYS */;
UNLOCK TABLES;

--
-- Table structure for table `prlmt`
--

DROP TABLE IF EXISTS `prlmt`;
/*!40101 SET @saved_cs_client     = @@character_set_client */;
/*!40101 SET character_set_client = utf8 */;
CREATE TABLE `prlmt` (
  `PRVID` int(3) NOT NULL AUTO_INCREMENT COMMENT 'Privacy Rule ID',
  `RULTX` varchar(200) NOT NULL COMMENT 'Rule Text',
  `ACTIV` tinyint(1) NOT NULL DEFAULT '1' COMMENT 'ON/OFF',
  `CRTDT` datetime NOT NULL COMMENT 'Created Date',
  `CHNDT` datetime DEFAULT NULL COMMENT 'Changed Date',
  `CRTBY` bigint(16) NOT NULL COMMENT 'Created By',
  `CHNBY` bigint(16) DEFAULT NULL COMMENT 'Changed By',
  PRIMARY KEY (`PRVID`)
) ENGINE=InnoDB DEFAULT CHARSET=latin1 COMMENT='Privacy Rule Master';
/*!40101 SET character_set_client = @saved_cs_client */;

--
-- Dumping data for table `prlmt`
--

LOCK TABLES `prlmt` WRITE;
/*!40000 ALTER TABLE `prlmt` DISABLE KEYS */;
/*!40000 ALTER TABLE `prlmt` ENABLE KEYS */;
UNLOCK TABLES;

--
-- Table structure for table `rolmt`
--

DROP TABLE IF EXISTS `rolmt`;
/*!40101 SET @saved_cs_client     = @@character_set_client */;
/*!40101 SET character_set_client = utf8 */;
CREATE TABLE `rolmt` (
  `ROLID` int(3) NOT NULL AUTO_INCREMENT COMMENT 'Role ID',
  `DESCR` varchar(40) DEFAULT NULL COMMENT 'Description',
  `ACTIV` tinyint(1) NOT NULL DEFAULT '1' COMMENT 'On/Off',
  `CHNDT` datetime DEFAULT NULL COMMENT 'Changed Date',
  `CRTDT` datetime NOT NULL COMMENT 'Created Date',
  `CHNBY` bigint(16) DEFAULT NULL COMMENT 'Changed By',
  `CRTBY` bigint(16) NOT NULL COMMENT 'Created By',
  PRIMARY KEY (`ROLID`)
) ENGINE=InnoDB AUTO_INCREMENT=5 DEFAULT CHARSET=latin1 COMMENT='Role Master';
/*!40101 SET character_set_client = @saved_cs_client */;

--
-- Dumping data for table `rolmt`
--

LOCK TABLES `rolmt` WRITE;
/*!40000 ALTER TABLE `rolmt` DISABLE KEYS */;
INSERT INTO `rolmt` VALUES (1,'Admin',1,NULL,'2015-07-18 00:00:00',NULL,1),(2,'Vendor',1,NULL,'2015-07-18 00:00:00',NULL,1),(3,'User',1,NULL,'2015-07-18 00:00:00',NULL,1),(4,'Guest',1,NULL,'2015-07-18 00:00:00',NULL,1);
/*!40000 ALTER TABLE `rolmt` ENABLE KEYS */;
UNLOCK TABLES;

--
-- Table structure for table `rulmt`
--

DROP TABLE IF EXISTS `rulmt`;
/*!40101 SET @saved_cs_client     = @@character_set_client */;
/*!40101 SET character_set_client = utf8 */;
CREATE TABLE `rulmt` (
  `RULID` int(3) NOT NULL AUTO_INCREMENT COMMENT 'Rule ID',
  `RLTID` int(3) NOT NULL COMMENT 'Rule Type ID',
  `RSTXT` varchar(50) DEFAULT NULL COMMENT 'Rule Short Text',
  `DESCR` varchar(200) DEFAULT NULL COMMENT 'Description',
  `ACTIV` tinyint(1) NOT NULL DEFAULT '1' COMMENT 'Active Flag',
  `CRTDT` datetime NOT NULL COMMENT 'Created Date',
  `CRTBY` bigint(16) NOT NULL COMMENT 'Created By',
  `CHNDT` datetime DEFAULT NULL COMMENT 'Changed Date',
  `CHNBY` bigint(16) DEFAULT NULL COMMENT 'Changed By',
  PRIMARY KEY (`RULID`)
) ENGINE=InnoDB AUTO_INCREMENT=4 DEFAULT CHARSET=latin1 COMMENT='Rules Master Table';
/*!40101 SET character_set_client = @saved_cs_client */;

--
-- Dumping data for table `rulmt`
--

LOCK TABLES `rulmt` WRITE;
/*!40000 ALTER TABLE `rulmt` DISABLE KEYS */;
INSERT INTO `rulmt` VALUES (1,1,'Auto Approval','Auto Approval',1,'2015-07-26 00:00:00',1,NULL,NULL),(2,2,'Manual Approval','Manual Approval',1,'2015-07-26 00:00:00',1,NULL,NULL),(3,3,'Receive Call','Receive Call',1,'2015-07-26 00:00:00',1,NULL,NULL);
/*!40000 ALTER TABLE `rulmt` ENABLE KEYS */;
UNLOCK TABLES;

--
-- Table structure for table `sttmt`
--

DROP TABLE IF EXISTS `sttmt`;
/*!40101 SET @saved_cs_client     = @@character_set_client */;
/*!40101 SET character_set_client = utf8 */;
CREATE TABLE `sttmt` (
  `STTID` bigint(20) NOT NULL AUTO_INCREMENT COMMENT 'State ID',
  `STTNM` varchar(40) NOT NULL COMMENT 'State Name',
  `CNTID` bigint(20) NOT NULL COMMENT 'Country ID',
  `ACTIV` tinyint(1) NOT NULL DEFAULT '1' COMMENT 'ON/OFF',
  `CRTDT` datetime NOT NULL COMMENT 'Created Date',
  `CRTBY` bigint(16) NOT NULL COMMENT 'Created By',
  `CHNDT` datetime DEFAULT NULL COMMENT 'Changed Date',
  `CHNBY` bigint(16) DEFAULT NULL COMMENT 'Changed By',
  PRIMARY KEY (`STTID`),
  KEY `CNTID` (`CNTID`),
  CONSTRAINT `sttmt_ibfk_1` FOREIGN KEY (`CNTID`) REFERENCES `cntmt` (`CNTID`)
) ENGINE=InnoDB AUTO_INCREMENT=11 DEFAULT CHARSET=latin1 COMMENT='State Master';
/*!40101 SET character_set_client = @saved_cs_client */;

--
-- Dumping data for table `sttmt`
--

LOCK TABLES `sttmt` WRITE;
/*!40000 ALTER TABLE `sttmt` DISABLE KEYS */;
INSERT INTO `sttmt` VALUES (1,'Andhra Pradesh',10,1,'2015-07-17 00:00:00',1,NULL,NULL),(2,'Arunachal Pradesh',10,1,'2015-07-17 00:00:00',1,NULL,NULL),(3,'Assam',10,1,'2015-07-17 00:00:00',1,NULL,NULL),(4,'Gujarat',10,1,'2015-07-17 00:00:00',1,NULL,NULL),(5,'Jharkhand',10,1,'2015-07-17 00:00:00',1,NULL,NULL),(6,'Karnataka',10,1,'2015-07-17 00:00:00',1,NULL,NULL),(9,'Kerala',10,1,'2015-07-17 00:00:00',1,NULL,NULL),(10,'Maharashtra',10,1,'2015-07-17 00:00:00',1,NULL,NULL);
/*!40000 ALTER TABLE `sttmt` ENABLE KEYS */;
UNLOCK TABLES;

--
-- Table structure for table `tznmt`
--

DROP TABLE IF EXISTS `tznmt`;
/*!40101 SET @saved_cs_client     = @@character_set_client */;
/*!40101 SET character_set_client = utf8 */;
CREATE TABLE `tznmt` (
  `TZNID` int(11) NOT NULL AUTO_INCREMENT COMMENT 'Time Zone Master ID',
  `TZCOD` char(20) DEFAULT NULL COMMENT 'Time Zone Code',
  `TIMZN` char(1) DEFAULT NULL COMMENT 'Actual Value',
  `DESCR` varchar(100) DEFAULT NULL,
  `ACTIV` tinyint(1) DEFAULT '1' COMMENT 'On/Off',
  `CRTDT` datetime NOT NULL COMMENT 'Created Date',
  `CRTBY` bigint(16) NOT NULL COMMENT 'Created By',
  `CHNDT` datetime DEFAULT NULL COMMENT 'Changed Date',
  `CHNBY` bigint(16) DEFAULT NULL COMMENT 'Changed By',
  PRIMARY KEY (`TZNID`)
) ENGINE=InnoDB AUTO_INCREMENT=399 DEFAULT CHARSET=latin1;
/*!40101 SET character_set_client = @saved_cs_client */;

--
-- Dumping data for table `tznmt`
--

LOCK TABLES `tznmt` WRITE;
/*!40000 ALTER TABLE `tznmt` DISABLE KEYS */;
INSERT INTO `tznmt` VALUES (1,'Africa/Abidjan','','Africa/Abidjan - Greenwich Mean Time',1,'2015-07-18 00:00:00',1,'0000-00-00 00:00:00',0),(2,'Africa/Accra','','Africa/Accra - Ghana Mean Time',1,'2015-07-18 00:00:00',1,'0000-00-00 00:00:00',0),(3,'Africa/Algiers',NULL,'Africa/Algiers - Central European Time',1,'2015-07-18 00:00:00',1,NULL,NULL),(4,'Africa/Asmara',NULL,'Africa/Asmara - Eastern African Time',1,'2015-07-18 00:00:00',1,NULL,NULL),(5,'Africa/Bamako',NULL,'Africa/Bamako - Greenwich Mean Time',1,'2015-07-18 00:00:00',1,NULL,NULL),(6,'Africa/Bangui',NULL,'Africa/Bangui - Western African Time',1,'2015-07-18 00:00:00',1,NULL,NULL),(7,'Africa/Bangui',NULL,'Africa/Bangui - Western African Time',1,'2015-07-18 00:00:00',1,NULL,NULL),(8,'Africa/Banjul',NULL,'Africa/Banjul - Greenwich Mean Time',1,'2015-07-18 00:00:00',1,NULL,NULL),(9,'Africa/Bissau',NULL,'Africa/Bissau - Greenwich Mean Time',1,'2015-07-18 00:00:00',1,NULL,NULL),(10,'Africa/Blantyre',NULL,'Africa/Blantyre - Central African Time',1,'2015-07-18 00:00:00',1,NULL,NULL),(11,'Africa/Brazzaville',NULL,'Africa/Brazzaville - Western African Time',1,'2015-07-18 00:00:00',1,NULL,NULL),(12,'Africa/Bujumbura',NULL,'Africa/Bujumbura - Central African Time',1,'2015-07-18 00:00:00',1,NULL,NULL),(13,'Africa/Cairo',NULL,'Africa/Cairo - Eastern European Time',1,'2015-07-18 00:00:00',1,NULL,NULL),(14,'Africa/Casablanca',NULL,'Africa/Casablanca - Western European Time',1,'2015-07-18 00:00:00',1,NULL,NULL),(15,'Africa/Ceuta',NULL,'Africa/Ceuta - Central European Time',1,'2015-07-18 00:00:00',1,NULL,NULL),(16,'Africa/Conakry',NULL,'Africa/Conakry - Greenwich Mean Time',1,'2015-07-18 00:00:00',1,NULL,NULL),(17,'Africa/Dakar',NULL,'Africa/Dakar - Greenwich Mean Time',1,'2015-07-18 00:00:00',1,NULL,NULL),(18,'Africa/Dar_es_Salaam',NULL,'Africa/Dar_es_Salaam - Eastern African Time',1,'2015-07-18 00:00:00',1,NULL,NULL),(19,'Africa/Djibouti',NULL,'Africa/Djibouti - Eastern African Time',1,'2015-07-18 00:00:00',1,NULL,NULL),(20,'Africa/Douala',NULL,'Africa/Douala - Western African Time',1,'2015-07-18 00:00:00',1,NULL,NULL),(21,'Africa/El_Aaiun',NULL,'Africa/El_Aaiun - Western European Time',1,'2015-07-18 00:00:00',1,NULL,NULL),(22,'Africa/Freetown',NULL,'Africa/Freetown - Greenwich Mean Time',1,'2015-07-18 00:00:00',1,NULL,NULL),(23,'Africa/Gaborone',NULL,'Africa/Gaborone - Central African Time',1,'2015-07-18 00:00:00',1,NULL,NULL),(24,'Africa/Harare',NULL,'Africa/Harare - Central African Time',1,'2015-07-18 00:00:00',1,NULL,NULL),(25,'Africa/Johannesburg',NULL,'Africa/Johannesburg - South Africa Standard Time',1,'2015-07-18 00:00:00',1,NULL,NULL),(26,'Africa/Juba',NULL,'Africa/Juba - Eastern African Time',1,'2015-07-18 00:00:00',1,NULL,NULL),(27,'Africa/Kampala',NULL,'Africa/Kampala - Eastern African Time',1,'2015-07-18 00:00:00',1,NULL,NULL),(28,'Africa/Khartoum',NULL,'Africa/Khartoum - Eastern African Time',1,'2015-07-18 00:00:00',1,NULL,NULL),(29,'Africa/Kigali',NULL,'Africa/Kigali - Central African Time',1,'2015-07-18 00:00:00',1,NULL,NULL),(30,'Africa/Kinshasa',NULL,'Africa/Kinshasa - Western African Time',1,'2015-07-18 00:00:00',1,NULL,NULL),(31,'Africa/Lagos',NULL,'Africa/Lagos - Western African Time',1,'2015-07-18 00:00:00',1,NULL,NULL),(32,'Africa/Libreville',NULL,'Africa/Libreville - Western African Time',1,'2015-07-18 00:00:00',1,NULL,NULL),(33,'Africa/Lome',NULL,'Africa/Lome - Greenwich Mean Time',1,'2015-07-18 00:00:00',1,NULL,NULL),(34,'Africa/Luanda',NULL,'Africa/Luanda - Western African Time',1,'2015-07-18 00:00:00',1,NULL,NULL),(35,'Africa/Lubumbashi',NULL,'Africa/Lubumbashi - Central African Time',1,'2015-07-18 00:00:00',1,NULL,NULL),(36,'Africa/Lusaka',NULL,'Africa/Lusaka - Central African Time',1,'2015-07-18 00:00:00',1,NULL,NULL),(37,'Africa/Malabo',NULL,'Africa/Malabo - Western African Time',1,'2015-07-18 00:00:00',1,NULL,NULL),(38,'Africa/Maputo',NULL,'Africa/Maputo - Central African Time',1,'2015-07-18 00:00:00',1,NULL,NULL),(39,'Africa/Maseru',NULL,'Africa/Maseru - South Africa Standard Time',1,'2015-07-18 00:00:00',1,NULL,NULL),(40,'Africa/Mbabane',NULL,'Africa/Mbabane - South Africa Standard Time',1,'2015-07-18 00:00:00',1,NULL,NULL),(41,'Africa/Mogadishu',NULL,'Africa/Mogadishu - Eastern African Time',1,'2015-07-18 00:00:00',1,NULL,NULL),(42,'Africa/Monrovia',NULL,'Africa/Monrovia - Greenwich Mean Time',1,'2015-07-18 00:00:00',1,NULL,NULL),(43,'Africa/Nairobi',NULL,'Africa/Nairobi - Eastern African Time',1,'2015-07-18 00:00:00',1,NULL,NULL),(44,'Africa/Ndjamena',NULL,'Africa/Ndjamena - Western African Time',1,'2015-07-18 00:00:00',1,NULL,NULL),(45,'Africa/Niamey',NULL,'Africa/Niamey - Western African Time',1,'2015-07-18 00:00:00',1,NULL,NULL),(46,'Africa/Nouakchott',NULL,'Africa/Nouakchott - Greenwich Mean Time',1,'2015-07-18 00:00:00',1,NULL,NULL),(47,'Africa/Ouagadougou',NULL,'Africa/Ouagadougou - Greenwich Mean Time',1,'2015-07-18 00:00:00',1,NULL,NULL),(48,'Africa/Porto-Novo',NULL,'Africa/Porto-Novo - Western African Time',1,'2015-07-18 00:00:00',1,NULL,NULL),(49,'Africa/Sao_Tome',NULL,'Africa/Sao_Tome - Greenwich Mean Time',1,'2015-07-18 00:00:00',1,NULL,NULL),(50,'Africa/Timbuktu',NULL,'Africa/Timbuktu - Greenwich Mean Time',1,'2015-07-18 00:00:00',1,NULL,NULL),(51,'Africa/Tripoli',NULL,'Africa/Tripoli - Eastern European Time',1,'2015-07-18 00:00:00',1,NULL,NULL),(52,'Africa/Tunis',NULL,'Africa/Tunis - Central European Time',1,'2015-07-18 00:00:00',1,NULL,NULL),(53,'Africa/Windhoek',NULL,'Africa/Windhoek - Western African Time',1,'2015-07-18 00:00:00',1,NULL,NULL),(54,'America/Adak',NULL,'America/Adak - Hawaii-Aleutian Standard Time',1,'2015-07-18 00:00:00',1,NULL,NULL),(55,'America/Anchorage',NULL,'America/Anchorage - Alaska Standard Time',1,'2015-07-18 00:00:00',1,NULL,NULL),(56,'America/Anguilla',NULL,'America/Anguilla - Atlantic Standard Time',1,'2015-07-18 00:00:00',1,NULL,NULL),(57,'America/Antigua',NULL,'America/Antigua - Atlantic Standard Time',1,'2015-07-18 00:00:00',1,NULL,NULL),(58,'America/Araguaina',NULL,'America/Araguaina - Brasilia Time',1,'2015-07-18 00:00:00',1,NULL,NULL),(59,'America/Argentina/Bu',NULL,'America/Argentina/Buenos_Aires - Argentine Time',1,'2015-07-18 00:00:00',1,NULL,NULL),(60,'America/Argentina/Ca',NULL,'America/Argentina/Catamarca - Argentine Time',1,'2015-07-18 00:00:00',1,NULL,NULL),(61,'America/Argentina/Co',NULL,'America/Argentina/ComodRivadavia - Argentine Time',1,'2015-07-18 00:00:00',1,NULL,NULL),(62,'America/Argentina/Co',NULL,'America/Argentina/Cordoba - Argentine Time',1,'2015-07-18 00:00:00',1,NULL,NULL),(63,'America/Argentina/Ju',NULL,'America/Argentina/Jujuy - Argentine Time',1,'2015-07-18 00:00:00',1,NULL,NULL),(64,'America/Argentina/La',NULL,'America/Argentina/La_Rioja - Argentine Time',1,'2015-07-18 00:00:00',1,NULL,NULL),(65,'America/Argentina/Me',NULL,'America/Argentina/Mendoza - Argentine Time',1,'2015-07-18 00:00:00',1,NULL,NULL),(66,'America/Argentina/Ri',NULL,'America/Argentina/Rio_Gallegos - Argentine Time',1,'2015-07-18 00:00:00',1,NULL,NULL),(67,'America/Argentina/Sa',NULL,'America/Argentina/Salta - Argentine Time',1,'2015-07-18 00:00:00',1,NULL,NULL),(68,'America/Argentina/Sa',NULL,'America/Argentina/San_Juan - Argentine Time',1,'2015-07-18 00:00:00',1,NULL,NULL),(69,'America/Argentina/Sa',NULL,'America/Argentina/San_Luis - Argentine Time',1,'2015-07-18 00:00:00',1,NULL,NULL),(70,'America/Argentina/Tu',NULL,'America/Argentina/Tucuman - Argentine Time',1,'2015-07-18 00:00:00',1,NULL,NULL),(71,'America/Argentina/Us',NULL,'America/Argentina/Ushuaia - Argentine Time',1,'2015-07-18 00:00:00',1,NULL,NULL),(72,'America/Aruba',NULL,'America/Aruba - Atlantic Standard Time',1,'2015-07-18 00:00:00',1,NULL,NULL),(73,'America/Asuncion',NULL,'America/Asuncion - Paraguay Time',1,'2015-07-18 00:00:00',1,NULL,NULL),(74,'America/Atikokan',NULL,'America/Atikokan - Eastern Standard Time',1,'2015-07-18 00:00:00',1,NULL,NULL),(75,'America/Atka',NULL,'America/Atka - Hawaii-Aleutian Standard Time',1,'2015-07-18 00:00:00',1,NULL,NULL),(76,'America/Bahia',NULL,'America/Bahia - Brasilia Time',1,'2015-07-18 00:00:00',1,NULL,NULL),(77,'America/Bahia_Bander',NULL,'America/Bahia_Banderas - Central Standard Time',1,'2015-07-18 00:00:00',1,NULL,NULL),(78,'America/Barbados',NULL,'America/Barbados - Atlantic Standard Time',1,'2015-07-18 00:00:00',1,NULL,NULL),(79,'America/Belem',NULL,'America/Belem - Brasilia Time',1,'2015-07-18 00:00:00',1,NULL,NULL),(80,'America/Belize',NULL,'America/Belize - Central Standard Time',1,'2015-07-18 00:00:00',1,NULL,NULL),(81,'America/Blanc-Sablon',NULL,'America/Blanc-Sablon - Atlantic Standard Time',1,'2015-07-18 00:00:00',1,NULL,NULL),(82,'America/Boa_Vista',NULL,'America/Boa_Vista - Amazon Time',1,'2015-07-18 00:00:00',1,NULL,NULL),(83,'America/Bogota',NULL,'America/Bogota - Colombia Time',1,'2015-07-18 00:00:00',1,NULL,NULL),(84,'America/Boise',NULL,'America/Boise - Mountain Standard Time',1,'2015-07-18 00:00:00',1,NULL,NULL),(85,'America/Buenos_Aires',NULL,'America/Buenos_Aires - Argentine Time',1,'2015-07-18 00:00:00',1,NULL,NULL),(86,'America/Cambridge_Ba',NULL,'America/Cambridge_Bay - Mountain Standard Time',1,'2015-07-18 00:00:00',1,NULL,NULL),(87,'America/Campo_Grande',NULL,'America/Campo_Grande - Amazon Time',1,'2015-07-18 00:00:00',1,NULL,NULL),(88,'America/Cancun',NULL,'America/Cancun - Central Standard Time',1,'2015-07-18 00:00:00',1,NULL,NULL),(89,'America/Caracas',NULL,'America/Caracas - Venezuela Time',1,'2015-07-18 00:00:00',1,NULL,NULL),(90,'America/Catamarca',NULL,'America/Catamarca - Argentine Time',1,'2015-07-18 00:00:00',1,NULL,NULL),(91,'America/Cayenne',NULL,'America/Cayenne - French Guiana Time',1,'2015-07-18 00:00:00',1,NULL,NULL),(92,'America/Cayman',NULL,'America/Cayman - Eastern Standard Time',1,'2015-07-18 00:00:00',1,NULL,NULL),(93,'America/Chicago',NULL,'America/Chicago - Central Standard Time',1,'2015-07-18 00:00:00',1,NULL,NULL),(94,'America/Chihuahua',NULL,'America/Chihuahua - Mountain Standard Time',1,'2015-07-18 00:00:00',1,NULL,NULL),(95,'America/Coral_Harbou',NULL,'America/Coral_Harbour - Eastern Standard Time',1,'2015-07-18 00:00:00',1,NULL,NULL),(96,'America/Cordoba',NULL,'America/Cordoba - Argentine Time',1,'2015-07-18 00:00:00',1,NULL,NULL),(97,'America/Costa_Rica',NULL,'America/Costa_Rica - Central Standard Time',1,'2015-07-18 00:00:00',1,NULL,NULL),(98,'America/Creston',NULL,'America/Creston - Mountain Standard Time',1,'2015-07-18 00:00:00',1,NULL,NULL),(99,'America/Cuiaba',NULL,'America/Cuiaba - Amazon Time',1,'2015-07-18 00:00:00',1,NULL,NULL),(100,'America/Curacao',NULL,'America/Curacao - Atlantic Standard Time',1,'2015-07-18 00:00:00',1,NULL,NULL),(101,'America/Danmarkshavn',NULL,'America/Danmarkshavn - Greenwich Mean Time',1,'2015-07-18 00:00:00',1,NULL,NULL),(102,'America/Dawson',NULL,'America/Dawson - Pacific Standard Time',1,'2015-07-18 00:00:00',1,NULL,NULL),(103,'America/Dawson_Creek',NULL,'America/Dawson_Creek - Mountain Standard Time',1,'2015-07-18 00:00:00',1,NULL,NULL),(104,'America/Denver',NULL,'America/Denver - Mountain Standard Time',1,'2015-07-18 00:00:00',1,NULL,NULL),(105,'America/Detroit',NULL,'America/Detroit - Eastern Standard Time',1,'2015-07-18 00:00:00',1,NULL,NULL),(106,'America/Dominica',NULL,'America/Dominica - Atlantic Standard Time',1,'2015-07-18 00:00:00',1,NULL,NULL),(107,'America/Edmonton',NULL,'America/Edmonton - Mountain Standard Time',1,'2015-07-18 00:00:00',1,NULL,NULL),(108,'America/Eirunepe',NULL,'America/Eirunepe - Acre Time',1,'2015-07-18 00:00:00',1,NULL,NULL),(109,'America/El_Salvador',NULL,'America/El_Salvador - Central Standard Time',1,'2015-07-18 00:00:00',1,NULL,NULL),(110,'America/Ensenada',NULL,'America/Ensenada - Pacific Standard Time',1,'2015-07-18 00:00:00',1,NULL,NULL),(111,'America/Fort_Wayne',NULL,'America/Fort_Wayne - Eastern Standard Time',1,'2015-07-18 00:00:00',1,NULL,NULL),(112,'America/Fortaleza',NULL,'America/Fortaleza - Brasilia Time',1,'2015-07-18 00:00:00',1,NULL,NULL),(113,'America/Glace_Bay',NULL,'America/Glace_Bay - Atlantic Standard Time',1,'2015-07-18 00:00:00',1,NULL,NULL),(114,'America/Godthab',NULL,'America/Godthab - Western Greenland Time',1,'2015-07-18 00:00:00',1,NULL,NULL),(115,'America/Goose_Bay',NULL,'America/Goose_Bay - Atlantic Standard Time',1,'2015-07-18 00:00:00',1,NULL,NULL),(116,'America/Grand_Turk',NULL,'America/Grand_Turk - Atlantic Standard Time',1,'2015-07-18 00:00:00',1,NULL,NULL),(117,'America/Grenada',NULL,'America/Grenada - Atlantic Standard Time',1,'2015-07-18 00:00:00',1,NULL,NULL),(118,'America/Guadeloupe',NULL,'America/Guadeloupe - Atlantic Standard Time',1,'2015-07-18 00:00:00',1,NULL,NULL),(119,'America/Guatemala',NULL,'America/Guatemala - Central Standard Time',1,'2015-07-18 00:00:00',1,NULL,NULL),(120,'America/Guayaquil',NULL,'America/Guayaquil - Ecuador Time',1,'2015-07-18 00:00:00',1,NULL,NULL),(121,'America/Guyana',NULL,'America/Guyana - Guyana Time',1,'2015-07-18 00:00:00',1,NULL,NULL),(122,'America/Halifax',NULL,'America/Halifax - Atlantic Standard Time',1,'2015-07-18 00:00:00',1,NULL,NULL),(123,'America/Havana',NULL,'America/Havana - Cuba Standard Time',1,'2015-07-18 00:00:00',1,NULL,NULL),(124,'America/Hermosillo',NULL,'America/Hermosillo - Mountain Standard Time',1,'2015-07-18 00:00:00',1,NULL,NULL),(125,'America/Indiana/Indi',NULL,'America/Indiana/Indianapolis - Eastern Standard Time',1,'2015-07-18 00:00:00',1,NULL,NULL),(126,'America/Indiana/Knox',NULL,'America/Indiana/Knox - Central Standard Time',1,'2015-07-18 00:00:00',1,NULL,NULL),(127,'America/Indiana/Mare',NULL,'America/Indiana/Marengo - Eastern Standard Time',1,'2015-07-18 00:00:00',1,NULL,NULL),(128,'America/Indiana/Pete',NULL,'America/Indiana/Petersburg - Eastern Standard Time',1,'2015-07-18 00:00:00',1,NULL,NULL),(129,'America/Indiana/Tell',NULL,'America/Indiana/Tell_City - Central Standard Time',1,'2015-07-18 00:00:00',1,NULL,NULL),(130,'America/Indiana/Veva',NULL,'America/Indiana/Vevay - Eastern Standard Time',1,'2015-07-18 00:00:00',1,NULL,NULL),(131,'America/Indiana/Vinc',NULL,'America/Indiana/Vincennes - Eastern Standard Time',1,'2015-07-18 00:00:00',1,NULL,NULL),(132,'America/Indiana/Wina',NULL,'America/Indiana/Winamac - Eastern Standard Time',1,'2015-07-18 00:00:00',1,NULL,NULL),(133,'America/Indianapolis',NULL,'America/Indianapolis - Eastern Standard Time',1,'2015-07-18 00:00:00',1,NULL,NULL),(134,'America/Inuvik',NULL,'America/Inuvik - Mountain Standard Time',1,'2015-07-18 00:00:00',1,NULL,NULL),(135,'America/Iqaluit',NULL,'America/Iqaluit - Eastern Standard Time',1,'2015-07-18 00:00:00',1,NULL,NULL),(136,'America/Jamaica',NULL,'America/Jamaica - Eastern Standard Time',1,'2015-07-18 00:00:00',1,NULL,NULL),(137,'America/Jujuy',NULL,'America/Jujuy - Argentine Time',1,'2015-07-18 00:00:00',1,NULL,NULL),(138,'America/Juneau',NULL,'America/Juneau - Alaska Standard Time',1,'2015-07-18 00:00:00',1,NULL,NULL),(139,'America/Kentucky/Lou',NULL,'America/Kentucky/Louisville - Eastern Standard Time',1,'2015-07-18 00:00:00',1,NULL,NULL),(140,'America/Kentucky/Mon',NULL,'America/Kentucky/Monticello - Eastern Standard Time',1,'2015-07-18 00:00:00',1,NULL,NULL),(141,'America/Knox_IN',NULL,'America/Knox_IN - Central Standard Time',1,'2015-07-18 00:00:00',1,NULL,NULL),(142,'America/Kralendijk',NULL,'America/Kralendijk - Atlantic Standard Time',1,'2015-07-18 00:00:00',1,NULL,NULL),(143,'America/La_Paz',NULL,'America/La_Paz - Bolivia Time',1,'2015-07-18 00:00:00',1,NULL,NULL),(144,'America/Lima',NULL,'America/Lima - Peru Time',1,'2015-07-18 00:00:00',1,NULL,NULL),(145,'America/Los_Angeles',NULL,'America/Los_Angeles - Pacific Standard Time',1,'2015-07-18 00:00:00',1,NULL,NULL),(146,'America/Louisville',NULL,'America/Louisville - Eastern Standard Time',1,'2015-07-18 00:00:00',1,NULL,NULL),(147,'America/Lower_Prince',NULL,'America/Lower_Princes - Atlantic Standard Time',1,'2015-07-18 00:00:00',1,NULL,NULL),(148,'America/Maceio',NULL,'America/Maceio - Brasilia Time',1,'2015-07-18 00:00:00',1,NULL,NULL),(149,'America/Managua',NULL,'America/Managua - Central Standard Time',1,'2015-07-18 00:00:00',1,NULL,NULL),(150,'America/Manaus',NULL,'America/Manaus - Amazon Time',1,'2015-07-18 00:00:00',1,NULL,NULL),(151,'America/Marigot',NULL,'America/Marigot - Atlantic Standard Time',1,'2015-07-18 00:00:00',1,NULL,NULL),(152,'America/Martinique',NULL,'America/Martinique - Atlantic Standard Time',1,'2015-07-18 00:00:00',1,NULL,NULL),(153,'America/Matamoros',NULL,'America/Matamoros - Central Standard Time',1,'2015-07-18 00:00:00',1,NULL,NULL),(154,'America/Mazatlan',NULL,'America/Mazatlan - Mountain Standard Time',1,'2015-07-18 00:00:00',1,NULL,NULL),(155,'America/Mendoza',NULL,'America/Mendoza - Argentine Time',1,'2015-07-18 00:00:00',1,NULL,NULL),(156,'America/Menominee',NULL,'America/Menominee - Central Standard Time',1,'2015-07-18 00:00:00',1,NULL,NULL),(157,'America/Merida',NULL,'America/Merida - Central Standard Time',1,'2015-07-18 00:00:00',1,NULL,NULL),(158,'America/Metlakatla',NULL,'America/Metlakatla - Pacific Standard Time',1,'2015-07-18 00:00:00',1,NULL,NULL),(159,'America/Mexico_City',NULL,'America/Mexico_City - Central Standard Time',1,'2015-07-18 00:00:00',1,NULL,NULL),(160,'America/Miquelon',NULL,'America/Miquelon - Pierre & Miquelon Standard Time',1,'2015-07-18 00:00:00',1,NULL,NULL),(161,'America/Moncton',NULL,'America/Moncton - Atlantic Standard Time',1,'2015-07-18 00:00:00',1,NULL,NULL),(162,'America/Monterrey',NULL,'America/Monterrey - Central Standard Time',1,'2015-07-18 00:00:00',1,NULL,NULL),(163,'America/Montevideo',NULL,'America/Montevideo - Uruguay Time',1,'2015-07-18 00:00:00',1,NULL,NULL),(164,'America/Montreal',NULL,'America/Montreal - Eastern Standard Time',1,'2015-07-18 00:00:00',1,NULL,NULL),(165,'America/Montserrat',NULL,'America/Montserrat - Atlantic Standard Time',1,'2015-07-18 00:00:00',1,NULL,NULL),(166,'America/Nassau',NULL,'America/Nassau - Eastern Standard Time',1,'2015-07-18 00:00:00',1,NULL,NULL),(167,'America/New_York',NULL,'America/New_York - Eastern Standard Time',1,'2015-07-18 00:00:00',1,NULL,NULL),(168,'America/Nipigon',NULL,'America/Nipigon - Eastern Standard Time',1,'2015-07-18 00:00:00',1,NULL,NULL),(169,'America/Nome',NULL,'America/Nome - Alaska Standard Time',1,'2015-07-18 00:00:00',1,NULL,NULL),(170,'America/Noronha',NULL,'America/Noronha - Fernando de Noronha Time',1,'2015-07-18 00:00:00',1,NULL,NULL),(171,'America/North_Dakota',NULL,'America/North_Dakota/Beulah - Central Standard Time',1,'2015-07-18 00:00:00',1,NULL,NULL),(172,'America/North_Dakota',NULL,'America/North_Dakota/Center - Central Standard Time',1,'2015-07-18 00:00:00',1,NULL,NULL),(173,'America/North_Dakota',NULL,'America/North_Dakota/New_Salem - Central Standard Time',1,'2015-07-18 00:00:00',1,NULL,NULL),(174,'America/Ojinaga',NULL,'America/Ojinaga - Mountain Standard Time',1,'2015-07-18 00:00:00',1,NULL,NULL),(175,'America/Panama',NULL,'America/Panama - Eastern Standard Time',1,'2015-07-18 00:00:00',1,NULL,NULL),(176,'America/Pangnirtung',NULL,'America/Pangnirtung - Eastern Standard Time',1,'2015-07-18 00:00:00',1,NULL,NULL),(177,'America/Paramaribo',NULL,'America/Paramaribo - Suriname Time',1,'2015-07-18 00:00:00',1,NULL,NULL),(178,'America/Phoenix',NULL,'America/Phoenix - Mountain Standard Time',1,'2015-07-18 00:00:00',1,NULL,NULL),(179,'America/Port-au-Prin',NULL,'America/Port-au-Prince - Eastern Standard Time',1,'2015-07-18 00:00:00',1,NULL,NULL),(180,'America/Port_of_Spai',NULL,'America/Port_of_Spain - Atlantic Standard Time',1,'2015-07-18 00:00:00',1,NULL,NULL),(181,'America/Porto_Acre',NULL,'America/Porto_Acre - Acre Time',1,'2015-07-18 00:00:00',1,NULL,NULL),(182,'America/Porto_Velho',NULL,'America/Porto_Velho - Amazon Time',1,'2015-07-18 00:00:00',1,NULL,NULL),(183,'America/Puerto_Rico',NULL,'America/Puerto_Rico - Atlantic Standard Time',1,'2015-07-18 00:00:00',1,NULL,NULL),(184,'America/Rainy_River',NULL,'America/Rainy_River - Central Standard Time',1,'2015-07-18 00:00:00',1,NULL,NULL),(185,'America/Rankin_Inlet',NULL,'America/Rankin_Inlet - Central Standard Time',1,'2015-07-18 00:00:00',1,NULL,NULL),(186,'America/Recife',NULL,'America/Recife - Brasilia Time',1,'2015-07-18 00:00:00',1,NULL,NULL),(187,'America/Regina',NULL,'America/Regina - Central Standard Time',1,'2015-07-18 00:00:00',1,NULL,NULL),(188,'America/Resolute',NULL,'America/Resolute - Central Standard Time',1,'2015-07-18 00:00:00',1,NULL,NULL),(189,'America/Rio_Branco',NULL,'America/Rio_Branco - Acre Time',1,'2015-07-18 00:00:00',1,NULL,NULL),(190,'America/Rosario',NULL,'America/Rosario - Argentine Time',1,'2015-07-18 00:00:00',1,NULL,NULL),(191,'America/Santa_Isabel',NULL,'America/Santa_Isabel - Pacific Standard Time',1,'2015-07-18 00:00:00',1,NULL,NULL),(192,'America/Santarem',NULL,'America/Santarem - Brasilia Time',1,'2015-07-18 00:00:00',1,NULL,NULL),(193,'America/Santiago',NULL,'America/Santiago - Chile Time',1,'2015-07-18 00:00:00',1,NULL,NULL),(194,'America/Santo_Doming',NULL,'America/Santo_Domingo - Atlantic Standard Time',1,'2015-07-18 00:00:00',1,NULL,NULL),(195,'America/Sao_Paulo',NULL,'America/Sao_Paulo - Brasilia Time',1,'2015-07-18 00:00:00',1,NULL,NULL),(196,'America/Scoresbysund',NULL,'America/Scoresbysund - Eastern Greenland Time',1,'2015-07-18 00:00:00',1,NULL,NULL),(197,'America/Shiprock',NULL,'America/Shiprock - Mountain Standard Time',1,'2015-07-18 00:00:00',1,NULL,NULL),(198,'America/Sitka',NULL,'America/Sitka - Alaska Standard Time',1,'2015-07-18 00:00:00',1,NULL,NULL),(199,'America/St_Barthelem',NULL,'America/St_Barthelemy - Atlantic Standard Time',1,'2015-07-18 00:00:00',1,NULL,NULL),(200,'America/St_Johns',NULL,'America/St_Johns - Newfoundland Standard Time',1,'2015-07-18 00:00:00',1,NULL,NULL),(201,'America/St_Kitts',NULL,'America/St_Kitts - Atlantic Standard Time',1,'2015-07-18 00:00:00',1,NULL,NULL),(202,'America/St_Lucia',NULL,'America/St_Lucia - Atlantic Standard Time',1,'2015-07-18 00:00:00',1,NULL,NULL),(203,'America/St_Thomas',NULL,'America/St_Thomas - Atlantic Standard Time',1,'2015-07-18 00:00:00',1,NULL,NULL),(204,'America/St_Vincent',NULL,'America/St_Vincent - Atlantic Standard Time',1,'2015-07-18 00:00:00',1,NULL,NULL),(205,'America/Swift_Curren',NULL,'America/Swift_Current - Central Standard Time',1,'2015-07-18 00:00:00',1,NULL,NULL),(206,'America/Tegucigalpa',NULL,'America/Tegucigalpa - Central Standard Time',1,'2015-07-18 00:00:00',1,NULL,NULL),(207,'America/Thule',NULL,'America/Thule - Atlantic Standard Time',1,'2015-07-18 00:00:00',1,NULL,NULL),(208,'America/Thunder_Bay',NULL,'America/Thunder_Bay - Eastern Standard Time',1,'2015-07-18 00:00:00',1,NULL,NULL),(209,'America/Tijuana',NULL,'America/Tijuana - Pacific Standard Time',1,'2015-07-18 00:00:00',1,NULL,NULL),(210,'America/Toronto',NULL,'America/Toronto - Eastern Standard Time',1,'2015-07-18 00:00:00',1,NULL,NULL),(211,'America/Tortola',NULL,'America/Tortola - Atlantic Standard Time',1,'2015-07-18 00:00:00',1,NULL,NULL),(212,'America/Vancouver',NULL,'America/Vancouver - Pacific Standard Time',1,'2015-07-18 00:00:00',1,NULL,NULL),(213,'America/Virgin',NULL,'America/Virgin - Atlantic Standard Time',1,'2015-07-18 00:00:00',1,NULL,NULL),(214,'America/Whitehorse',NULL,'America/Whitehorse - Pacific Standard Time',1,'2015-07-18 00:00:00',1,NULL,NULL),(215,'America/Winnipeg',NULL,'America/Winnipeg - Central Standard Time',1,'2015-07-18 00:00:00',1,NULL,NULL),(216,'America/Yakutat',NULL,'America/Yakutat - Alaska Standard Time',1,'2015-07-18 00:00:00',1,NULL,NULL),(217,'America/Yellowknife',NULL,'America/Yellowknife - Mountain Standard Time',1,'2015-07-18 00:00:00',1,NULL,NULL),(218,'Asia/Aden',NULL,'Asia/Aden - Arabia Standard Time',1,'2015-07-18 00:00:00',1,NULL,NULL),(219,'Asia/Almaty',NULL,'Asia/Almaty - Alma-Ata Time',1,'2015-07-18 00:00:00',1,NULL,NULL),(220,'Asia/Amman',NULL,'Asia/Amman - Eastern European Time',1,'2015-07-18 00:00:00',1,NULL,NULL),(221,'Asia/Anadyr',NULL,'Asia/Anadyr - Anadyr Time',1,'2015-07-18 00:00:00',1,NULL,NULL),(222,'Asia/Aqtau',NULL,'Asia/Aqtau - Aqtau Time',1,'2015-07-18 00:00:00',1,NULL,NULL),(223,'Asia/Aqtobe',NULL,'Asia/Aqtobe - Aqtobe Time',1,'2015-07-18 00:00:00',1,NULL,NULL),(224,'Asia/Ashgabat',NULL,'Asia/Ashgabat - Turkmenistan Time',1,'2015-07-18 00:00:00',1,NULL,NULL),(225,'Asia/Ashkhabad',NULL,'Asia/Ashkhabad - Turkmenistan Time',1,'2015-07-18 00:00:00',1,NULL,NULL),(226,'Asia/Baghdad',NULL,'Asia/Baghdad - Arabia Standard Time',1,'2015-07-18 00:00:00',1,NULL,NULL),(227,'Asia/Bahrain',NULL,'Asia/Bahrain - Arabia Standard Time',1,'2015-07-18 00:00:00',1,NULL,NULL),(228,'Asia/Baku',NULL,'Asia/Baku - Azerbaijan Time',1,'2015-07-18 00:00:00',1,NULL,NULL),(229,'Asia/Bangkok',NULL,'Asia/Bangkok - Indochina Time',1,'2015-07-18 00:00:00',1,NULL,NULL),(230,'Asia/Beirut',NULL,'Asia/Beirut - Eastern European Time',1,'2015-07-18 00:00:00',1,NULL,NULL),(231,'Asia/Bishkek',NULL,'Asia/Bishkek - Kirgizstan Time',1,'2015-07-18 00:00:00',1,NULL,NULL),(232,'Asia/Brunei',NULL,'Asia/Brunei - Brunei Time',1,'2015-07-18 00:00:00',1,NULL,NULL),(233,'Asia/Calcutta',NULL,'Asia/Calcutta - India Standard Time',1,'2015-07-18 00:00:00',1,NULL,NULL),(234,'Asia/Chita',NULL,'Asia/Chita - Irkutsk Time',1,'2015-07-18 00:00:00',1,NULL,NULL),(235,'Asia/Choibalsan',NULL,'Asia/Choibalsan - Choibalsan Time',1,'2015-07-18 00:00:00',1,NULL,NULL),(236,'Asia/Chongqing',NULL,'Asia/Chongqing - China Standard Time',1,'2015-07-18 00:00:00',1,NULL,NULL),(237,'Asia/Chungking',NULL,'Asia/Chungking - China Standard Time',1,'2015-07-18 00:00:00',1,NULL,NULL),(238,'Asia/Colombo',NULL,'Asia/Colombo - India Standard Time',1,'2015-07-18 00:00:00',1,NULL,NULL),(239,'Asia/Dacca',NULL,'Asia/Dacca - Bangladesh Time',1,'2015-07-18 00:00:00',1,NULL,NULL),(240,'Asia/Damascus',NULL,'Asia/Damascus - Eastern European Time',1,'2015-07-18 00:00:00',1,NULL,NULL),(241,'Asia/Dhaka',NULL,'Asia/Dhaka - Bangladesh Time',1,'2015-07-18 00:00:00',1,NULL,NULL),(242,'Asia/Dili',NULL,'Asia/Dili - Timor-Leste Time',1,'2015-07-18 00:00:00',1,NULL,NULL),(243,'Asia/Dubai',NULL,'Asia/Dubai - Gulf Standard Time',1,'2015-07-18 00:00:00',1,NULL,NULL),(244,'Asia/Dushanbe',NULL,'Asia/Dushanbe - Tajikistan Time',1,'2015-07-18 00:00:00',1,NULL,NULL),(245,'Asia/Gaza',NULL,'Asia/Gaza - Eastern European Time',1,'2015-07-18 00:00:00',1,NULL,NULL),(246,'Asia/Harbin',NULL,'Asia/Harbin - China Standard Time',1,'2015-07-18 00:00:00',1,NULL,NULL),(247,'Asia/Hebron',NULL,'Asia/Hebron - Eastern European Time',1,'2015-07-18 00:00:00',1,NULL,NULL),(248,'Asia/Ho_Chi_Minh',NULL,'Asia/Ho_Chi_Minh - Indochina Time',1,'2015-07-18 00:00:00',1,NULL,NULL),(249,'Asia/Hong_Kong',NULL,'Asia/Hong_Kong - Hong Kong Time',1,'2015-07-18 00:00:00',1,NULL,NULL),(250,'Asia/Hovd',NULL,'Asia/Hovd - Hovd Time',1,'2015-07-18 00:00:00',1,NULL,NULL),(251,'Asia/Irkutsk',NULL,'Asia/Irkutsk - Irkutsk Time',1,'2015-07-18 00:00:00',1,NULL,NULL),(252,'Asia/Istanbul',NULL,'Asia/Istanbul - Eastern European Time',1,'2015-07-18 00:00:00',1,NULL,NULL),(253,'Asia/Jakarta',NULL,'Asia/Jakarta - West Indonesia Time',1,'2015-07-18 00:00:00',1,NULL,NULL),(254,'Asia/Jayapura',NULL,'Asia/Jayapura - East Indonesia Time',1,'2015-07-18 00:00:00',1,NULL,NULL),(255,'Asia/Jerusalem',NULL,'Asia/Jerusalem - Israel Standard Time',1,'2015-07-18 00:00:00',1,NULL,NULL),(256,'Asia/Kabul',NULL,'Asia/Kabul - Afghanistan Time',1,'2015-07-18 00:00:00',1,NULL,NULL),(257,'Asia/Kamchatka',NULL,'Asia/Kamchatka - Petropavlovsk-Kamchatski Time',1,'2015-07-18 00:00:00',1,NULL,NULL),(258,'Asia/Karachi',NULL,'Asia/Karachi - Pakistan Time',1,'2015-07-18 00:00:00',1,NULL,NULL),(259,'Asia/Kashgar',NULL,'Asia/Kashgar - Xinjiang Standard Time',1,'2015-07-18 00:00:00',1,NULL,NULL),(260,'Asia/Kathmandu',NULL,'Asia/Kathmandu - Nepal Time',1,'2015-07-18 00:00:00',1,NULL,NULL),(261,'Asia/Katmandu',NULL,'Asia/Katmandu - Nepal Time',1,'2015-07-18 00:00:00',1,NULL,NULL),(262,'Asia/Khandyga',NULL,'Asia/Khandyga - Khandyga Time',1,'2015-07-18 00:00:00',1,NULL,NULL),(263,'Asia/Kolkata',NULL,'Asia/Kolkata - India Standard Time',1,'2015-07-18 00:00:00',1,NULL,NULL),(264,'Asia/Krasnoyarsk',NULL,'Asia/Krasnoyarsk - Krasnoyarsk Time',1,'2015-07-18 00:00:00',1,NULL,NULL),(265,'Asia/Kuala_Lumpur',NULL,'Asia/Kuala_Lumpur - Malaysia Time',1,'2015-07-18 00:00:00',1,NULL,NULL),(266,'Asia/Kuching',NULL,'Asia/Kuching - Malaysia Time',1,'2015-07-18 00:00:00',1,NULL,NULL),(267,'Asia/Kuwait',NULL,'Asia/Kuwait - Arabia Standard Time',1,'2015-07-18 00:00:00',1,NULL,NULL),(268,'Asia/Macao',NULL,'Asia/Macao - China Standard Time',1,'2015-07-18 00:00:00',1,NULL,NULL),(269,'Asia/Macau',NULL,'Asia/Macau - China Standard Time',1,'2015-07-18 00:00:00',1,NULL,NULL),(270,'Asia/Magadan',NULL,'Asia/Magadan - Magadan Time',1,'2015-07-18 00:00:00',1,NULL,NULL),(271,'Asia/Makassar',NULL,'Asia/Makassar - Central Indonesia Time',1,'2015-07-18 00:00:00',1,NULL,NULL),(272,'Asia/Manila',NULL,'Asia/Manila - Philippines Time',1,'2015-07-18 00:00:00',1,NULL,NULL),(273,'Asia/Muscat',NULL,'Asia/Muscat - Gulf Standard Time',1,'2015-07-18 00:00:00',1,NULL,NULL),(274,'Asia/Nicosia',NULL,'Asia/Nicosia - Eastern European Time',1,'2015-07-18 00:00:00',1,NULL,NULL),(275,'Asia/Novokuznetsk',NULL,'Asia/Novokuznetsk - Krasnoyarsk Time',1,'2015-07-18 00:00:00',1,NULL,NULL),(276,'Asia/Novosibirsk',NULL,'Asia/Novosibirsk - Novosibirsk Time',1,'2015-07-18 00:00:00',1,NULL,NULL),(277,'Asia/Omsk',NULL,'Asia/Omsk - Omsk Time',1,'2015-07-18 00:00:00',1,NULL,NULL),(278,'Asia/Oral',NULL,'Asia/Oral - Oral Time',1,'2015-07-18 00:00:00',1,NULL,NULL),(279,'Asia/Phnom_Penh',NULL,'Asia/Phnom_Penh - Indochina Time',1,'2015-07-18 00:00:00',1,NULL,NULL),(280,'Asia/Pontianak',NULL,'Asia/Pontianak - West Indonesia Time',1,'2015-07-18 00:00:00',1,NULL,NULL),(281,'Asia/Pyongyang',NULL,'Asia/Pyongyang - Korea Standard Time',1,'2015-07-18 00:00:00',1,NULL,NULL),(282,'Asia/Qatar',NULL,'Asia/Qatar - Arabia Standard Time',1,'2015-07-18 00:00:00',1,NULL,NULL),(283,'Asia/Qyzylorda',NULL,'Asia/Qyzylorda - Qyzylorda Time',1,'2015-07-18 00:00:00',1,NULL,NULL),(284,'Asia/Rangoon',NULL,'Asia/Rangoon - Myanmar Time',1,'2015-07-18 00:00:00',1,NULL,NULL),(285,'Asia/Riyadh',NULL,'Asia/Riyadh - Arabia Standard Time',1,'2015-07-18 00:00:00',1,NULL,NULL),(286,'Asia/Riyadh87',NULL,'Asia/Riyadh87 - GMT+03,07',1,'2015-07-18 00:00:00',1,NULL,NULL),(287,'Asia/Riyadh88',NULL,'Asia/Riyadh88 - GMT+03,07',1,'2015-07-18 00:00:00',1,NULL,NULL),(288,'Asia/Riyadh89',NULL,'Asia/Riyadh89 - GMT+03,07',1,'2015-07-18 00:00:00',1,NULL,NULL),(289,'Asia/Saigon',NULL,'Asia/Saigon - Indochina Time',1,'2015-07-18 00:00:00',1,NULL,NULL),(290,'Asia/Sakhalin',NULL,'Asia/Sakhalin - Sakhalin Time',1,'2015-07-18 00:00:00',1,NULL,NULL),(291,'Asia/Samarkand',NULL,'Asia/Samarkand - Uzbekistan Time',1,'2015-07-18 00:00:00',1,NULL,NULL),(292,'Asia/Seoul',NULL,'Asia/Seoul - Korea Standard Time',1,'2015-07-18 00:00:00',1,NULL,NULL),(293,'Asia/Shanghai',NULL,'Asia/Shanghai - China Standard Time',1,'2015-07-18 00:00:00',1,NULL,NULL),(294,'Asia/Singapore',NULL,'Asia/Singapore - Singapore Time',1,'2015-07-18 00:00:00',1,NULL,NULL),(295,'Asia/Srednekolymsk',NULL,'Asia/Srednekolymsk - Srednekolymsk Time',1,'2015-07-18 00:00:00',1,NULL,NULL),(296,'Asia/Taipei',NULL,'Asia/Taipei - China Standard Time',1,'2015-07-18 00:00:00',1,NULL,NULL),(297,'Asia/Tashkent',NULL,'Asia/Tashkent - Uzbekistan Time',1,'2015-07-18 00:00:00',1,NULL,NULL),(298,'Asia/Tbilisi',NULL,'Asia/Tbilisi - Georgia Time',1,'2015-07-18 00:00:00',1,NULL,NULL),(299,'Asia/Tehran',NULL,'Asia/Tehran - Iran Standard Time',1,'2015-07-18 00:00:00',1,NULL,NULL),(300,'Asia/Tel_Aviv',NULL,'Asia/Tel_Aviv - Israel Standard Time',1,'2015-07-18 00:00:00',1,NULL,NULL),(301,'Asia/Thimbu',NULL,'Asia/Thimbu - Bhutan Time',1,'2015-07-18 00:00:00',1,NULL,NULL),(302,'Asia/Thimphu',NULL,'Asia/Thimphu - Bhutan Time',1,'2015-07-18 00:00:00',1,NULL,NULL),(303,'Asia/Tokyo',NULL,'Asia/Tokyo - Japan Standard Time',1,'2015-07-18 00:00:00',1,NULL,NULL),(304,'Asia/Ujung_Pandang',NULL,'Asia/Ujung_Pandang - Central Indonesia Time',1,'2015-07-18 00:00:00',1,NULL,NULL),(305,'Asia/Ulaanbaatar',NULL,'Asia/Ulaanbaatar - Ulaanbaatar Time',1,'2015-07-18 00:00:00',1,NULL,NULL),(306,'Asia/Ulan_Bator',NULL,'Asia/Ulan_Bator - Ulaanbaatar Time',1,'2015-07-18 00:00:00',1,NULL,NULL),(307,'Asia/Urumqi',NULL,'Asia/Urumqi - Xinjiang Standard Time',1,'2015-07-18 00:00:00',1,NULL,NULL),(308,'Asia/Ust-Nera',NULL,'Asia/Ust-Nera - Ust-Nera Time',1,'2015-07-18 00:00:00',1,NULL,NULL),(309,'Asia/Vientiane',NULL,'Asia/Vientiane - Indochina Time',1,'2015-07-18 00:00:00',1,NULL,NULL),(310,'Asia/Vladivostok',NULL,'Asia/Vladivostok - Vladivostok Time',1,'2015-07-18 00:00:00',1,NULL,NULL),(311,'Asia/Yakutsk',NULL,'Asia/Yakutsk - Yakutsk Time',1,'2015-07-18 00:00:00',1,NULL,NULL),(312,'Asia/Yekaterinburg',NULL,'Asia/Yekaterinburg - Yekaterinburg Time',1,'2015-07-18 00:00:00',1,NULL,NULL),(313,'Asia/Yerevan',NULL,'Asia/Yerevan - Armenia Time',1,'2015-07-18 00:00:00',1,NULL,NULL),(314,'Atlantic/Azores',NULL,'Atlantic/Azores - Azores Time',1,'2015-07-18 00:00:00',1,NULL,NULL),(315,'Atlantic/Bermuda',NULL,'Atlantic/Bermuda - Atlantic Standard Time',1,'2015-07-18 00:00:00',1,NULL,NULL),(316,'Atlantic/Canary',NULL,'Atlantic/Canary - Western European Time',1,'2015-07-18 00:00:00',1,NULL,NULL),(317,'Atlantic/Cape_Verde',NULL,'Atlantic/Cape_Verde - Cape Verde Time',1,'2015-07-18 00:00:00',1,NULL,NULL),(318,'Atlantic/Faeroe',NULL,'Atlantic/Faeroe - Western European Time',1,'2015-07-18 00:00:00',1,NULL,NULL),(319,'Atlantic/Faroe',NULL,'Atlantic/Faroe - Western European Time',1,'2015-07-18 00:00:00',1,NULL,NULL),(320,'Atlantic/Jan_Mayen',NULL,'Atlantic/Jan_Mayen - Central European Time',1,'2015-07-18 00:00:00',1,NULL,NULL),(321,'Atlantic/Madeira',NULL,'Atlantic/Madeira - Western European Time',1,'2015-07-18 00:00:00',1,NULL,NULL),(322,'Atlantic/Reykjavik',NULL,'Atlantic/Reykjavik - Greenwich Mean Time',1,'2015-07-18 00:00:00',1,NULL,NULL),(323,'Atlantic/South_Georg',NULL,'Atlantic/South_Georgia - South Georgia Standard Time',1,'2015-07-18 00:00:00',1,NULL,NULL),(324,'Atlantic/St_Helena',NULL,'Atlantic/St_Helena - Greenwich Mean Time',1,'2015-07-18 00:00:00',1,NULL,NULL),(325,'Atlantic/Stanley',NULL,'Atlantic/Stanley - Falkland Is. Time',1,'2015-07-18 00:00:00',1,NULL,NULL),(326,'Australia/ACT',NULL,'Australia/ACT - Australian Eastern Standard Time (New South Wales)',1,'2015-07-18 00:00:00',1,NULL,NULL),(327,'Australia/Adelaide',NULL,'Australia/Adelaide - Australian Central Standard Time (South Australia)',1,'2015-07-18 00:00:00',1,NULL,NULL),(328,'Australia/Brisbane',NULL,'Australia/Brisbane - Australian Eastern Standard Time (Queensland)',1,'2015-07-18 00:00:00',1,NULL,NULL),(329,'Australia/Broken_Hil',NULL,'Australia/Broken_Hill - Australian Central Standard Time (South Australia/New South Wales)',1,'2015-07-18 00:00:00',1,NULL,NULL),(330,'Australia/Canberra',NULL,'Australia/Canberra - Australian Eastern Standard Time (New South Wales)',1,'2015-07-18 00:00:00',1,NULL,NULL),(331,'Australia/Currie',NULL,'Australia/Currie - Australian Eastern Standard Time (New South Wales)',1,'2015-07-18 00:00:00',1,NULL,NULL),(332,'Australia/Darwin',NULL,'Australia/Darwin - Australian Central Standard Time (Northern Territory)',1,'2015-07-18 00:00:00',1,NULL,NULL),(333,'Australia/Eucla',NULL,'Australia/Eucla - Australian Central Western Standard Time',1,'2015-07-18 00:00:00',1,NULL,NULL),(334,'Australia/Hobart',NULL,'Australia/Hobart - Australian Eastern Standard Time (Tasmania)',1,'2015-07-18 00:00:00',1,NULL,NULL),(335,'Australia/LHI',NULL,'Australia/LHI - Lord Howe Standard Time',1,'2015-07-18 00:00:00',1,NULL,NULL),(336,'Australia/Lindeman',NULL,'Australia/Lindeman - Australian Eastern Standard Time (Queensland)',1,'2015-07-18 00:00:00',1,NULL,NULL),(337,'Australia/Lord_Howe',NULL,'Australia/Lord_Howe - Lord Howe Standard Time',1,'2015-07-18 00:00:00',1,NULL,NULL),(338,'Australia/Melbourne',NULL,'Australia/Melbourne - Australian Eastern Standard Time (Victoria)',1,'2015-07-18 00:00:00',1,NULL,NULL),(339,'Australia/NSW',NULL,'Australia/NSW - Australian Eastern Standard Time (New South Wales)',1,'2015-07-18 00:00:00',1,NULL,NULL),(340,'Australia/North',NULL,'Australia/North - Australian Central Standard Time (Northern Territory)',1,'2015-07-18 00:00:00',1,NULL,NULL),(341,'Australia/Perth',NULL,'Australia/Perth - Australian Western Standard Time',1,'2015-07-18 00:00:00',1,NULL,NULL),(342,'Australia/Queensland',NULL,'Australia/Queensland - Australian Eastern Standard Time (Queensland)',1,'2015-07-18 00:00:00',1,NULL,NULL),(343,'Australia/South',NULL,'Australia/South - Australian Central Standard Time (South Australia)',1,'2015-07-18 00:00:00',1,NULL,NULL),(344,'Australia/Sydney',NULL,'Australia/Sydney - Australian Eastern Standard Time (New South Wales)',1,'2015-07-18 00:00:00',1,NULL,NULL),(345,'Australia/Tasmania',NULL,'Australia/Tasmania - Australian Eastern Standard Time (Tasmania)',1,'2015-07-18 00:00:00',1,NULL,NULL),(346,'Australia/Victoria',NULL,'Australia/Victoria - Australian Eastern Standard Time (Victoria)',1,'2015-07-18 00:00:00',1,NULL,NULL),(347,'Europe/Isle_of_Man',NULL,'Europe/Isle_of_Man - Greenwich Mean Time',1,'2015-07-18 00:00:00',1,NULL,NULL),(348,'Europe/Istanbul',NULL,'Europe/Istanbul - Eastern European Time',1,'2015-07-18 00:00:00',1,NULL,NULL),(349,'Europe/Jersey',NULL,'Europe/Jersey - Greenwich Mean Time',1,'2015-07-18 00:00:00',1,NULL,NULL),(350,'Europe/Kaliningrad',NULL,'Europe/Kaliningrad - Eastern European Time',1,'2015-07-18 00:00:00',1,NULL,NULL),(351,'Europe/Kiev',NULL,'Europe/Kiev - Eastern European Time',1,'2015-07-18 00:00:00',1,NULL,NULL),(352,'Europe/Lisbon',NULL,'Europe/Lisbon - Western European Time',1,'2015-07-18 00:00:00',1,NULL,NULL),(353,'Europe/Ljubljana',NULL,'Europe/Ljubljana - Central European Time',1,'2015-07-18 00:00:00',1,NULL,NULL),(354,'Europe/London',NULL,'Europe/London - Greenwich Mean Time',1,'2015-07-18 00:00:00',1,NULL,NULL),(355,'Europe/Luxembourg',NULL,'Europe/Luxembourg - Central European Time',1,'2015-07-18 00:00:00',1,NULL,NULL),(356,'Europe/Madrid',NULL,'Europe/Madrid - Central European Time',1,'2015-07-18 00:00:00',1,NULL,NULL),(357,'Europe/Malta',NULL,'Europe/Malta - Central European Time',1,'2015-07-18 00:00:00',1,NULL,NULL),(358,'Europe/Mariehamn',NULL,'Europe/Mariehamn - Eastern European Time',1,'2015-07-18 00:00:00',1,NULL,NULL),(359,'Europe/Minsk',NULL,'Europe/Minsk - Moscow Standard Time',1,'2015-07-18 00:00:00',1,NULL,NULL),(360,'Europe/Monaco',NULL,'Europe/Monaco - Central European Time',1,'2015-07-18 00:00:00',1,NULL,NULL),(361,'Europe/Moscow',NULL,'Europe/Moscow - Moscow Standard Time',1,'2015-07-18 00:00:00',1,NULL,NULL),(362,'Europe/Nicosia',NULL,'Europe/Nicosia - Eastern European Time',1,'2015-07-18 00:00:00',1,NULL,NULL),(363,'Europe/Oslo',NULL,'Europe/Oslo - Central European Time',1,'2015-07-18 00:00:00',1,NULL,NULL),(364,'Europe/Paris',NULL,'Europe/Paris - Central European Time',1,'2015-07-18 00:00:00',1,NULL,NULL),(365,'Europe/Podgorica',NULL,'Europe/Podgorica - Central European Time',1,'2015-07-18 00:00:00',1,NULL,NULL),(366,'Europe/Prague',NULL,'Europe/Prague - Central European Time',1,'2015-07-18 00:00:00',1,NULL,NULL),(367,'Europe/Riga',NULL,'Europe/Riga - Eastern European Time',1,'2015-07-18 00:00:00',1,NULL,NULL),(368,'Europe/Rome',NULL,'Europe/Rome - Central European Time',1,'2015-07-18 00:00:00',1,NULL,NULL),(369,'Europe/Samara',NULL,'Europe/Samara - Samara Time',1,'2015-07-18 00:00:00',1,NULL,NULL),(370,'Europe/San_Marino',NULL,'Europe/San_Marino - Central European Time',1,'2015-07-18 00:00:00',1,NULL,NULL),(371,'Europe/Sarajevo',NULL,'Europe/Sarajevo - Central European Time',1,'2015-07-18 00:00:00',1,NULL,NULL),(372,'Europe/Simferopol',NULL,'Europe/Simferopol - Moscow Standard Time',1,'2015-07-18 00:00:00',1,NULL,NULL),(373,'Europe/Skopje',NULL,'Europe/Skopje - Central European Time',1,'2015-07-18 00:00:00',1,NULL,NULL),(374,'Europe/Sofia',NULL,'Europe/Sofia - Eastern European Time',1,'2015-07-18 00:00:00',1,NULL,NULL),(375,'Europe/Stockholm',NULL,'Europe/Stockholm - Central European Time',1,'2015-07-18 00:00:00',1,NULL,NULL),(376,'Indian/Antananarivo',NULL,'Indian/Antananarivo - Eastern African Time',1,'2015-07-18 00:00:00',1,NULL,NULL),(377,'Indian/Chagos',NULL,'Indian/Chagos - Indian Ocean Territory Time',1,'2015-07-18 00:00:00',1,NULL,NULL),(378,'Indian/Christmas',NULL,'Indian/Christmas - Christmas Island Time',1,'2015-07-18 00:00:00',1,NULL,NULL),(379,'Indian/Cocos',NULL,'Indian/Cocos - Cocos Islands Time',1,'2015-07-18 00:00:00',1,NULL,NULL),(380,'Indian/Comoro',NULL,'Indian/Comoro - Eastern African Time',1,'2015-07-18 00:00:00',1,NULL,NULL),(381,'Indian/Kerguelen',NULL,'Indian/Kerguelen - French Southern & Antarctic Lands Time',1,'2015-07-18 00:00:00',1,NULL,NULL),(382,'Indian/Mahe',NULL,'Indian/Mahe - Seychelles Time',1,'2015-07-18 00:00:00',1,NULL,NULL),(383,'Indian/Maldives',NULL,'Indian/Maldives - Maldives Time',1,'2015-07-18 00:00:00',1,NULL,NULL),(384,'Indian/Mauritius',NULL,'Indian/Mauritius - Mauritius Time',1,'2015-07-18 00:00:00',1,NULL,NULL),(385,'Indian/Mayotte',NULL,'Indian/Mayotte - Eastern African Time',1,'2015-07-18 00:00:00',1,NULL,NULL),(386,'Indian/Reunion',NULL,'Indian/Reunion - Reunion Time',1,'2015-07-18 00:00:00',1,NULL,NULL),(387,'Pacific/Apia',NULL,'Pacific/Apia - West Samoa Standard Time',1,'2015-07-18 00:00:00',1,NULL,NULL),(388,'Pacific/Auckland',NULL,'Pacific/Auckland - New Zealand Standard Time',1,'2015-07-18 00:00:00',1,NULL,NULL),(389,'Pacific/Bougainville',NULL,'Pacific/Bougainville - Bougainville Standard Time',1,'2015-07-18 00:00:00',1,NULL,NULL),(390,'Pacific/Chatham',NULL,'Pacific/Chatham - Chatham Standard Time',1,'2015-07-18 00:00:00',1,NULL,NULL),(391,'Pacific/Chuuk',NULL,'Pacific/Chuuk - Chuuk Time',1,'2015-07-18 00:00:00',1,NULL,NULL),(392,'Pacific/Easter',NULL,'Pacific/Easter - Easter Is. Time',1,'2015-07-18 00:00:00',1,NULL,NULL),(393,'Pacific/Efate',NULL,'Pacific/Efate - Vanuatu Time',1,'2015-07-18 00:00:00',1,NULL,NULL),(394,'Pacific/Enderbury',NULL,'Pacific/Enderbury - Phoenix Is. Time',1,'2015-07-18 00:00:00',1,NULL,NULL),(395,'Pacific/Fakaofo',NULL,'Pacific/Fakaofo - Tokelau Time',1,'2015-07-18 00:00:00',1,NULL,NULL),(396,'Pacific/Fiji',NULL,'Pacific/Fiji - Fiji Time',1,'2015-07-18 00:00:00',1,NULL,NULL),(397,'Pacific/Funafuti',NULL,'Pacific/Funafuti - Tuvalu Time',1,'2015-07-18 00:00:00',1,NULL,NULL),(398,'Pacific/Galapagos',NULL,'Pacific/Galapagos - Galapagos Time',1,'2015-07-18 00:00:00',1,NULL,NULL);
/*!40000 ALTER TABLE `tznmt` ENABLE KEYS */;
UNLOCK TABLES;

--
-- Table structure for table `uacmt`
--

DROP TABLE IF EXISTS `uacmt`;
/*!40101 SET @saved_cs_client     = @@character_set_client */;
/*!40101 SET character_set_client = utf8 */;
CREATE TABLE `uacmt` (
  `USRID` bigint(16) NOT NULL AUTO_INCREMENT COMMENT 'Account ID',
  `USRNM` varchar(40) NOT NULL COMMENT 'User Name',
  `UERPW` varchar(15) NOT NULL COMMENT 'Password',
  `ACTIV` tinyint(1) NOT NULL DEFAULT '1' COMMENT 'Active Flag',
  `CRTDT` datetime NOT NULL COMMENT 'Created Date',
  `CRTBY` bigint(16) NOT NULL COMMENT 'Created By',
  `CHNDT` datetime DEFAULT NULL COMMENT 'Changed Date',
  `CHNBY` bigint(16) DEFAULT NULL COMMENT 'Changed By',
  PRIMARY KEY (`USRID`),
  UNIQUE KEY `USRNM_UNIQUE` (`USRNM`)
) ENGINE=InnoDB AUTO_INCREMENT=89 DEFAULT CHARSET=latin1 COMMENT='User Account Master';
/*!40101 SET character_set_client = @saved_cs_client */;

--
-- Dumping data for table `uacmt`
--

LOCK TABLES `uacmt` WRITE;
/*!40000 ALTER TABLE `uacmt` DISABLE KEYS */;
INSERT INTO `uacmt` VALUES (1,'admin@aimersinfosoft.com','aim@123',1,'2015-07-18 00:00:00',1,NULL,NULL),(2,'john.doe@aimersinfosoft.com','aim@123',1,'2015-07-18 00:00:00',1,NULL,NULL),(3,'thomas.stewart@aimersinfosoft.com','aim@123',1,'2015-07-18 00:00:00',1,NULL,NULL),(4,'jane.pearson@aimersinfosoft.com','4',1,'2015-08-22 18:01:26',4,'2015-08-22 18:01:26',4),(9,'rakesh.kulkarni@aimersinfosoft.com','aim@123',1,'2015-07-18 00:00:00',1,NULL,NULL),(10,'ramesh.jha@aimersinfosoft.com','aim@123',1,'2015-07-18 00:00:00',1,NULL,NULL),(11,'swati.trivedi@aimersinfosoft.com','aim@123',1,'2015-07-18 00:00:00',1,NULL,NULL),(12,'dayanand.sharma@aimersinfosoft.com','aim@123',1,'2015-07-18 00:00:00',1,NULL,NULL),(13,'rohini.pandey@aimersinfosoft.com','aim@123',1,'2015-07-18 00:00:00',1,NULL,NULL),(14,'prabhu.acharya@aimersinfosoft.com','aim@123',1,'2015-07-18 00:00:00',1,NULL,NULL),(15,'john.abbott@aimersinfosoft.com','aim@123',1,'2015-07-18 00:00:00',1,NULL,NULL),(16,'alma.berry@aimersinfosoft.com','aim@123',1,'2015-07-18 00:00:00',1,NULL,NULL),(17,'celia.blake@aimersinfosoft.com','aim@123',1,'2015-07-18 00:00:00',1,NULL,NULL),(18,'claudia.carter@aimersinfosoft.com','aim@123',1,'2015-07-18 00:00:00',1,NULL,NULL),(19,'danita.garret@aimersinfosoft.com','aim@123',1,'2015-07-18 00:00:00',1,NULL,NULL),(20,'edwina.gibbs@aimersinfosoft.com','aim@123',1,'2015-07-18 00:00:00',1,NULL,NULL),(21,'hazel.johnson@aimersinfosoft.com','aim@123',1,'2015-07-18 00:00:00',1,NULL,NULL),(22,'kim.joshep@aimersinfosoft.com','aim@123',1,'2015-07-18 00:00:00',1,NULL,NULL),(23,'lane.joshep@aimersinfosoft.com','aim@123',1,'2015-07-18 00:00:00',1,NULL,NULL),(24,'minta.lynn@aimersinfosoft.com','aim@123',1,'2015-07-18 00:00:00',1,NULL,NULL),(25,'nita.parekh@aimersinfosoft.com','aim@123',1,'2015-07-18 00:00:00',1,NULL,NULL),(26,'rosa.moors@aimersinfosoft.com','aim@123',1,'2015-07-18 00:00:00',1,NULL,NULL),(27,'clifton.ray@aimersinfosoft.com','aim@123',1,'2015-07-18 00:00:00',1,NULL,NULL),(28,'dawson.neal@aimersinfosoft.com','aim@123',1,'2015-07-18 00:00:00',1,NULL,NULL),(29,'daxter.nowell@aimersinfosoft.com','aim@123',1,'2015-07-18 00:00:00',1,NULL,NULL),(30,'test@test.com','1629',1,'2015-07-28 22:13:20',30,'2015-07-28 22:13:20',30),(39,'test2@test.com','1630',1,'2015-07-28 22:39:57',31,'2015-07-28 22:39:57',31),(40,'test3@test.com','1660',1,'2015-07-28 22:42:52',40,'2015-07-28 22:42:52',40),(41,'test4@test.com','1661',1,'2015-07-28 23:19:20',41,'2015-07-28 23:19:20',41),(42,'test5@test.com','1662',1,'2015-07-28 23:20:15',42,'2015-07-28 23:20:15',42),(43,'test6@test.com','1663',1,'2015-07-28 23:21:24',43,'2015-07-28 23:21:24',43),(44,'test7@test.com','1664',1,'2015-07-28 23:22:38',44,'2015-07-28 23:22:38',44),(45,'test8@test.com','1665',1,'2015-07-28 23:24:04',45,'2015-07-28 23:24:04',45),(46,'test9@test.com','1666',1,'2015-07-28 23:26:30',46,'2015-07-28 23:26:30',46),(47,'test10@test.com','1667',1,'2015-07-28 23:28:07',47,'2015-07-28 23:28:07',47),(48,'test11@test.com','1668',1,'2015-07-28 23:30:32',48,'2015-07-28 23:30:32',48),(49,'test12@test.com','1669',1,'2015-07-29 00:06:49',49,'2015-07-29 00:06:49',49),(50,'test14@test.com','1691',1,'2015-07-29 00:09:04',50,'2015-07-29 00:09:04',50),(51,'test15@test.com','1692',1,'2015-07-29 00:11:50',51,'2015-07-29 00:11:50',51),(52,'test16@test.com','1693',1,'2015-07-29 00:13:51',52,'2015-07-29 00:13:51',52),(53,'test17@test.com','1694',1,'2015-07-29 00:15:35',53,'2015-07-29 00:15:35',53),(54,'test18@test.com','1695',1,'2015-07-29 00:17:14',54,'2015-07-29 00:17:14',54),(55,'test19@test.com','1696',1,'2015-07-29 00:18:55',55,'2015-07-29 00:18:55',55),(56,'test20@test.com','1697',1,'2015-07-29 00:19:22',56,'2015-07-29 00:19:22',56),(57,'test21@test.com','1698',1,'2015-07-29 00:20:30',57,'2015-07-29 00:20:30',57),(58,'test22@test.com','1699',1,'2015-08-01 14:10:37',58,'2015-08-01 14:10:37',58),(59,'bhuv@test.com','1700',1,'2015-08-01 13:27:07',59,'2015-08-01 13:27:07',59),(60,'efe@test.com','1722',1,'2015-08-01 13:31:32',60,'2015-08-01 13:31:32',60),(61,'qedeqdq@test.com','1723',1,'2015-08-01 13:32:23',61,'2015-08-01 13:32:23',61),(62,'test1982@test.com','1724',1,'2015-08-09 18:51:49',62,'2015-08-09 18:51:49',62),(63,'test2015@test.com','1725',1,'2015-08-09 18:52:52',63,'2015-08-09 18:52:52',63),(64,'test111111@test.com','1726',1,'2015-08-09 18:56:38',64,'2015-08-09 18:56:38',64),(65,'test1111@test.com','1727',1,'2015-08-09 18:57:52',65,'2015-08-09 18:57:52',65),(66,'reg@new.com','1728',1,'2015-08-09 20:23:03',66,'2015-08-09 20:23:03',66),(67,'reg123@new.com','1729',1,'2015-08-09 20:23:36',67,'2015-08-09 20:23:36',67),(68,'reg123ad@new.com','1730',1,'2015-08-09 20:25:05',68,'2015-08-09 20:25:05',68),(69,'reg123wdad@new.com','1731',1,'2015-08-09 20:26:23',69,'2015-08-09 20:26:23',69),(70,'reg123wadcdad@new.com','1753',1,'2015-08-09 20:29:28',70,'2015-08-09 20:29:28',70),(71,'qefrqe@er.com','1754',1,'2015-08-09 20:31:06',71,'2015-08-09 20:31:06',71),(72,'test444@444.444','1755',1,'2015-08-09 20:35:27',72,'2015-08-09 20:35:27',72),(73,'adfad@afa.come','1756',1,'2015-08-09 20:38:18',73,'2015-08-09 20:38:18',73),(74,'eq','1757',1,'2015-08-09 20:39:19',74,'2015-08-09 20:39:19',74),(75,'newuser@gmail.com','1758',1,'2015-08-09 20:58:31',75,'2015-08-09 20:58:31',75),(76,'newtest@user.com','1759',1,'2015-08-09 21:17:39',76,'2015-08-09 21:17:39',76),(77,'bla@bla.com','1760',1,'2015-08-09 21:33:05',77,'2015-08-09 21:33:05',77),(78,'newUser@test.com','1761',1,'2015-08-09 21:43:20',78,'2015-08-09 21:43:20',78),(79,'newuser@newdomain.com','1762',1,'2015-08-16 07:18:17',79,'2015-08-16 07:18:17',79),(80,'','1784',1,'2015-08-16 12:49:13',80,'2015-08-16 12:49:13',80),(81,'testagain@again.com','1785',1,'2015-08-16 12:51:28',81,'2015-08-16 12:51:28',81),(82,'sometestdual@test.com','1786',1,'2015-08-16 13:14:15',82,'2015-08-16 13:14:15',82),(83,'sometestdual1@test.com','1787',1,'2015-08-16 13:14:33',83,'2015-08-16 13:14:33',83),(84,'deletethis@new.com','1788',1,'2015-08-16 16:17:51',84,'2015-08-16 16:17:51',84),(85,'JEMINT@GMAIL.COM','1982',1,'2015-08-16 18:10:24',85,'2015-08-16 18:10:24',85),(86,'bhuvenesh18@gmail.com','123',1,'2015-08-23 16:58:02',86,'2015-08-23 16:58:02',86),(87,'meena.tanna@aimersinfosoft.com','1791',1,'2015-09-12 12:59:18',87,'2015-09-12 12:59:18',87),(88,'newdoc@gmail1.com','1792',1,'2015-09-13 14:32:45',88,'2015-09-13 14:32:45',88);
/*!40000 ALTER TABLE `uacmt` ENABLE KEYS */;
UNLOCK TABLES;

--
-- Table structure for table `uadmp`
--

DROP TABLE IF EXISTS `uadmp`;
/*!40101 SET @saved_cs_client     = @@character_set_client */;
/*!40101 SET character_set_client = utf8 */;
CREATE TABLE `uadmp` (
  `MPNID` bigint(16) NOT NULL AUTO_INCREMENT COMMENT 'Mapping ID',
  `USRID` bigint(16) NOT NULL COMMENT 'User ID',
  `ADRID` bigint(16) NOT NULL COMMENT 'Address ID',
  `PRIMR` tinyint(1) DEFAULT NULL COMMENT 'Primary',
  `ACTIV` tinyint(1) NOT NULL DEFAULT '1' COMMENT 'ON/OFF',
  `CHNDT` datetime DEFAULT NULL COMMENT 'Changed Date',
  `CRTDT` datetime NOT NULL COMMENT 'Created Date',
  `CRTBY` bigint(16) NOT NULL COMMENT 'Created By',
  `CHNBY` bigint(16) DEFAULT NULL COMMENT 'Changed By',
  PRIMARY KEY (`MPNID`),
  UNIQUE KEY `MPNID` (`MPNID`,`USRID`,`ADRID`),
  KEY `ADRID` (`ADRID`),
  KEY `USRID` (`USRID`),
  CONSTRAINT `uadmp_ibfk_1` FOREIGN KEY (`ADRID`) REFERENCES `addmt` (`ADRID`) ON DELETE CASCADE ON UPDATE CASCADE,
  CONSTRAINT `uadmp_ibfk_2` FOREIGN KEY (`USRID`) REFERENCES `usrmt` (`USRID`) ON DELETE CASCADE ON UPDATE CASCADE
) ENGINE=InnoDB AUTO_INCREMENT=39 DEFAULT CHARSET=latin1 COMMENT='User Master - Address Master Mapping';
/*!40101 SET character_set_client = @saved_cs_client */;

--
-- Dumping data for table `uadmp`
--

LOCK TABLES `uadmp` WRITE;
/*!40000 ALTER TABLE `uadmp` DISABLE KEYS */;
INSERT INTO `uadmp` VALUES (1,1,1,1,1,NULL,'2015-07-18 00:00:00',1,NULL),(2,2,2,1,1,NULL,'2015-07-18 00:00:00',1,NULL),(3,3,3,1,1,NULL,'2015-07-18 00:00:00',1,NULL),(4,4,4,1,1,NULL,'2015-07-18 00:00:00',1,NULL),(5,5,5,1,1,NULL,'2015-07-23 00:00:00',1,NULL),(6,6,6,1,1,NULL,'2015-07-23 00:00:00',1,NULL),(7,7,7,1,1,NULL,'2015-07-23 00:00:00',1,NULL),(8,8,8,1,1,NULL,'2015-07-23 00:00:00',1,NULL),(9,23,9,1,1,NULL,'2015-07-23 00:00:00',1,NULL),(10,24,10,1,1,NULL,'2015-07-23 00:00:00',1,NULL),(11,25,11,1,1,NULL,'2015-07-23 00:00:00',1,NULL),(12,26,12,1,1,NULL,'2015-07-23 00:00:00',1,NULL),(13,27,13,1,1,NULL,'2015-07-23 00:00:00',1,NULL),(14,28,14,1,1,NULL,'2015-07-23 00:00:00',1,NULL),(15,29,4,1,1,NULL,'2015-07-23 00:00:00',1,NULL),(16,30,7,1,1,NULL,'2015-07-23 00:00:00',1,NULL),(17,31,12,1,1,NULL,'2015-07-23 00:00:00',1,NULL),(18,32,6,1,1,NULL,'2015-07-23 00:00:00',1,NULL),(19,33,8,1,1,NULL,'2015-07-23 00:00:00',1,NULL),(20,36,10,1,1,NULL,'2015-07-23 00:00:00',1,NULL),(21,37,10,1,1,NULL,'2015-07-23 00:00:00',1,NULL),(22,38,5,1,1,NULL,'2015-07-23 00:00:00',1,NULL),(23,39,14,1,1,NULL,'2015-07-23 00:00:00',1,NULL),(24,7,11,NULL,1,NULL,'2015-07-23 00:00:00',1,NULL),(25,27,7,NULL,1,NULL,'2015-07-23 00:00:00',1,NULL),(26,33,11,NULL,1,NULL,'2015-07-23 00:00:00',1,NULL),(35,58,23,0,1,'2015-08-01 14:10:37','2015-08-01 14:10:37',58,58),(38,88,26,0,1,'2015-09-13 14:32:45','2015-09-13 14:32:45',88,88);
/*!40000 ALTER TABLE `uadmp` ENABLE KEYS */;
UNLOCK TABLES;

--
-- Table structure for table `uchmp`
--

DROP TABLE IF EXISTS `uchmp`;
/*!40101 SET @saved_cs_client     = @@character_set_client */;
/*!40101 SET character_set_client = utf8 */;
CREATE TABLE `uchmp` (
  `MPNID` int(16) NOT NULL AUTO_INCREMENT COMMENT 'Usertype Contact Mapping ID',
  `UTYID` int(3) NOT NULL COMMENT 'User Type ID',
  `CHRID` int(3) NOT NULL COMMENT 'Chr Type ID',
  `ACTIV` tinyint(1) NOT NULL DEFAULT '1' COMMENT 'On/ Off',
  `CRTDT` datetime NOT NULL COMMENT 'Created Date',
  `CRTBY` bigint(16) NOT NULL COMMENT 'Created By',
  `CHNDT` datetime DEFAULT NULL COMMENT 'Changed Date',
  `CHNBY` bigint(16) DEFAULT NULL COMMENT 'Changed By',
  PRIMARY KEY (`MPNID`),
  KEY `CHRID` (`CHRID`),
  KEY `UTYID` (`UTYID`),
  CONSTRAINT `uchmp_ibfk_1` FOREIGN KEY (`CHRID`) REFERENCES `chrmt` (`CHRID`),
  CONSTRAINT `uchmp_ibfk_2` FOREIGN KEY (`UTYID`) REFERENCES `utymt` (`UTYID`)
) ENGINE=InnoDB AUTO_INCREMENT=25 DEFAULT CHARSET=latin1 COMMENT='User Type Characteristic Mapping';
/*!40101 SET character_set_client = @saved_cs_client */;

--
-- Dumping data for table `uchmp`
--

LOCK TABLES `uchmp` WRITE;
/*!40000 ALTER TABLE `uchmp` DISABLE KEYS */;
INSERT INTO `uchmp` VALUES (1,1,1,1,'2015-07-19 00:00:00',1,NULL,NULL),(2,1,2,1,'2015-07-19 00:00:00',1,NULL,NULL),(3,1,3,1,'2015-07-19 00:00:00',1,NULL,NULL),(4,1,4,1,'2015-07-19 00:00:00',1,NULL,NULL),(5,1,5,1,'2015-07-19 00:00:00',1,NULL,NULL),(6,1,6,1,'2015-07-19 00:00:00',1,NULL,NULL),(7,1,7,1,'2015-07-19 00:00:00',1,NULL,NULL),(8,1,8,1,'2015-07-19 00:00:00',1,NULL,NULL),(9,2,1,1,'2015-07-19 00:00:00',1,NULL,NULL),(10,2,2,1,'2015-07-19 00:00:00',1,NULL,NULL),(11,2,3,1,'2015-07-19 00:00:00',1,NULL,NULL),(12,2,4,1,'2015-07-19 00:00:00',1,NULL,NULL),(13,2,5,1,'2015-07-19 00:00:00',1,NULL,NULL),(14,2,6,1,'2015-07-19 00:00:00',1,NULL,NULL),(15,2,7,1,'2015-07-19 00:00:00',1,NULL,NULL),(16,2,8,1,'2015-07-19 00:00:00',1,NULL,NULL),(17,3,1,1,'2015-07-19 00:00:00',1,NULL,NULL),(18,3,2,1,'2015-07-19 00:00:00',1,NULL,NULL),(19,3,3,1,'2015-07-19 00:00:00',1,NULL,NULL),(20,3,4,1,'2015-07-19 00:00:00',1,NULL,NULL),(21,3,5,1,'2015-07-19 00:00:00',1,NULL,NULL),(22,3,6,1,'2015-07-19 00:00:00',1,NULL,NULL),(23,3,7,1,'2015-07-19 00:00:00',1,NULL,NULL),(24,3,8,1,'2015-07-19 00:00:00',1,NULL,NULL);
/*!40000 ALTER TABLE `uchmp` ENABLE KEYS */;
UNLOCK TABLES;

--
-- Table structure for table `uchmt`
--

DROP TABLE IF EXISTS `uchmt`;
/*!40101 SET @saved_cs_client     = @@character_set_client */;
/*!40101 SET character_set_client = utf8 */;
CREATE TABLE `uchmt` (
  `UCHID` bigint(16) NOT NULL AUTO_INCREMENT COMMENT 'Mapping ID',
  `CHRID` int(3) NOT NULL COMMENT 'Chr Type ID',
  `UTYID` int(3) NOT NULL COMMENT 'User Type ID',
  `USRID` bigint(16) NOT NULL COMMENT 'User ID',
  `VALUE` varchar(100) DEFAULT NULL COMMENT 'Value',
  `ACTIV` tinyint(1) NOT NULL DEFAULT '1' COMMENT 'On/Off',
  `CRTDT` datetime NOT NULL COMMENT 'Created Date',
  `CRTBY` bigint(16) NOT NULL COMMENT 'Created By',
  `CHNDT` datetime DEFAULT NULL COMMENT 'Changed Date',
  `CHNBY` bigint(16) DEFAULT NULL COMMENT 'Changed By',
  PRIMARY KEY (`UCHID`),
  KEY `CHRID` (`CHRID`),
  KEY `USRID` (`USRID`),
  KEY `UTYID` (`UTYID`),
  CONSTRAINT `uchmt_ibfk_1` FOREIGN KEY (`CHRID`) REFERENCES `chrmt` (`CHRID`),
  CONSTRAINT `uchmt_ibfk_2` FOREIGN KEY (`USRID`) REFERENCES `usrmt` (`USRID`),
  CONSTRAINT `uchmt_ibfk_3` FOREIGN KEY (`UTYID`) REFERENCES `utymt` (`UTYID`)
) ENGINE=InnoDB AUTO_INCREMENT=391 DEFAULT CHARSET=latin1 COMMENT='User Cherectristics Master';
/*!40101 SET character_set_client = @saved_cs_client */;

--
-- Dumping data for table `uchmt`
--

LOCK TABLES `uchmt` WRITE;
/*!40000 ALTER TABLE `uchmt` DISABLE KEYS */;
INSERT INTO `uchmt` VALUES (1,1,1,1,'http://www.facebook.com',1,'2015-07-19 00:00:00',1,NULL,NULL),(2,2,1,1,'http://www.twitter.com',1,'2015-07-19 00:00:00',1,NULL,NULL),(3,3,1,1,'http://www.plus.google.com',1,'2015-07-19 00:00:00',1,NULL,NULL),(4,4,1,1,'email@company.com',1,'2015-07-19 00:00:00',1,NULL,NULL),(5,5,1,1,'email@company.com',1,'2015-07-19 00:00:00',1,NULL,NULL),(6,6,1,1,'08012121212',1,'2015-07-19 00:00:00',1,NULL,NULL),(7,7,1,1,'9999999999',1,'2015-07-19 00:00:00',1,NULL,NULL),(8,1,2,3,'http://www.facebook.com',1,'2015-07-19 00:00:00',1,NULL,NULL),(9,2,2,3,'http://www.twitter.com',1,'2015-07-19 00:00:00',1,NULL,NULL),(10,3,2,3,'http://www.plus.google.com',1,'2015-07-19 00:00:00',1,NULL,NULL),(11,4,2,3,'email@company.com',1,'2015-07-19 00:00:00',1,NULL,NULL),(12,5,2,3,'email@company.com',1,'2015-07-19 00:00:00',1,NULL,NULL),(13,6,2,3,'08012121212',1,'2015-07-19 00:00:00',1,NULL,NULL),(14,7,2,3,'9999999999',1,'2015-07-19 00:00:00',1,NULL,NULL),(15,1,2,4,'http://www.facebook.com',1,'2015-07-19 00:00:00',1,NULL,NULL),(16,2,2,4,'http://www.twitter.com',1,'2015-07-19 00:00:00',1,NULL,NULL),(17,3,2,4,'http://www.plus.google.com',1,'2015-07-19 00:00:00',1,NULL,NULL),(18,4,2,4,'email@company.com',1,'2015-07-19 00:00:00',1,NULL,NULL),(19,5,2,4,'email@company.com',1,'2015-07-19 00:00:00',1,NULL,NULL),(20,6,2,4,'08012121212',1,'2015-07-19 00:00:00',1,NULL,NULL),(21,7,2,4,'9999999999',1,'2015-07-19 00:00:00',1,NULL,NULL),(22,8,1,1,'M-9.jpg',1,'2015-07-25 00:00:00',1,NULL,NULL),(23,8,2,7,'F-4.jpg',1,'2015-07-25 00:00:00',1,NULL,NULL),(24,8,2,23,'F-5.jpg',1,'2015-07-25 00:00:00',1,NULL,NULL),(25,8,2,26,'F-6.jpg',1,'2015-07-25 00:00:00',1,NULL,NULL),(26,8,2,27,'F-7.jpg',1,'2015-07-25 00:00:00',1,NULL,NULL),(27,8,2,28,'F-8.jpg',1,'2015-07-25 00:00:00',1,NULL,NULL),(28,8,2,29,'F-9.jpg',1,'2015-07-25 00:00:00',1,NULL,NULL),(29,8,2,30,'F-10.jpg',1,'2015-07-25 00:00:00',1,NULL,NULL),(30,8,2,31,'F-11.jpg',1,'2015-07-25 00:00:00',1,NULL,NULL),(31,8,2,32,'F-1.jpg',1,'2015-07-25 00:00:00',1,NULL,NULL),(32,8,2,33,'F-2.jpg',1,'2015-07-25 00:00:00',1,NULL,NULL),(33,8,2,34,'F-3.jpg',1,'2015-07-25 00:00:00',1,NULL,NULL),(34,8,2,5,'M-1.jpg',1,'2015-07-25 00:00:00',1,NULL,NULL),(35,8,2,6,'M-3.jpg',1,'2015-07-25 00:00:00',1,NULL,NULL),(36,8,2,8,'M-2.jpg',1,'2015-07-25 00:00:00',1,NULL,NULL),(37,8,2,24,'M-4.jpg',1,'2015-07-25 00:00:00',1,NULL,NULL),(38,8,2,25,'M-5.jpg',1,'2015-07-25 00:00:00',1,NULL,NULL),(39,8,3,39,'M-8.jpg',1,'2015-07-25 00:00:00',1,NULL,NULL),(40,8,3,38,'M-7.jpg',1,'2015-07-25 00:00:00',1,NULL,NULL),(41,8,3,37,'M-6.jpg',1,'2015-07-25 00:00:00',1,NULL,NULL),(42,8,3,35,'F-10.jpg',1,'2015-07-25 00:00:00',1,NULL,NULL),(43,8,3,36,'F-3.jpg',1,'2015-07-25 00:00:00',1,NULL,NULL),(44,1,2,5,'http://www.facebook.com',1,'2015-07-19 00:00:00',1,NULL,NULL),(45,1,2,6,'http://www.facebook.com',1,'2015-07-19 00:00:00',1,NULL,NULL),(46,1,2,7,'http://www.facebook.com',1,'2015-07-19 00:00:00',1,NULL,NULL),(47,1,2,8,'http://www.facebook.com',1,'2015-07-19 00:00:00',1,NULL,NULL),(48,1,2,23,'http://www.facebook.com',1,'2015-07-19 00:00:00',1,NULL,NULL),(49,1,2,24,'http://www.facebook.com',1,'2015-07-19 00:00:00',1,NULL,NULL),(50,1,2,25,'http://www.facebook.com',1,'2015-07-19 00:00:00',1,NULL,NULL),(51,1,2,26,'http://www.facebook.com',1,'2015-07-19 00:00:00',1,NULL,NULL),(52,1,2,27,'http://www.facebook.com',1,'2015-07-19 00:00:00',1,NULL,NULL),(53,1,2,28,'http://www.facebook.com',1,'2015-07-19 00:00:00',1,NULL,NULL),(54,1,2,29,'http://www.facebook.com',1,'2015-07-19 00:00:00',1,NULL,NULL),(55,1,2,30,'http://www.facebook.com',1,'2015-07-19 00:00:00',1,NULL,NULL),(56,1,2,31,'http://www.facebook.com',1,'2015-07-19 00:00:00',1,NULL,NULL),(57,1,2,32,'http://www.facebook.com',1,'2015-07-19 00:00:00',1,NULL,NULL),(58,1,2,33,'http://www.facebook.com',1,'2015-07-19 00:00:00',1,NULL,NULL),(59,1,2,34,'http://www.facebook.com',1,'2015-07-19 00:00:00',1,NULL,NULL),(60,1,3,35,'http://www.facebook.com',1,'2015-07-19 00:00:00',1,NULL,NULL),(61,1,3,36,'http://www.facebook.com',1,'2015-07-19 00:00:00',1,NULL,NULL),(62,1,3,37,'http://www.facebook.com',1,'2015-07-19 00:00:00',1,NULL,NULL),(63,1,3,38,'http://www.facebook.com',1,'2015-07-19 00:00:00',1,NULL,NULL),(64,1,3,39,'http://www.facebook.com',1,'2015-07-19 00:00:00',1,NULL,NULL),(75,2,2,5,'http://www.twitter.com',1,'2015-07-19 00:00:00',1,NULL,NULL),(76,2,2,6,'http://www.twitter.com',1,'2015-07-19 00:00:00',1,NULL,NULL),(77,2,2,7,'http://www.twitter.com',1,'2015-07-19 00:00:00',1,NULL,NULL),(78,2,2,8,'http://www.twitter.com',1,'2015-07-19 00:00:00',1,NULL,NULL),(79,2,2,23,'http://www.twitter.com',1,'2015-07-19 00:00:00',1,NULL,NULL),(80,2,2,24,'http://www.twitter.com',1,'2015-07-19 00:00:00',1,NULL,NULL),(81,2,2,25,'http://www.twitter.com',1,'2015-07-19 00:00:00',1,NULL,NULL),(82,2,2,26,'http://www.twitter.com',1,'2015-07-19 00:00:00',1,NULL,NULL),(83,2,2,27,'http://www.twitter.com',1,'2015-07-19 00:00:00',1,NULL,NULL),(84,2,2,28,'http://www.twitter.com',1,'2015-07-19 00:00:00',1,NULL,NULL),(85,2,2,29,'http://www.twitter.com',1,'2015-07-19 00:00:00',1,NULL,NULL),(86,2,2,30,'http://www.twitter.com',1,'2015-07-19 00:00:00',1,NULL,NULL),(87,2,2,31,'http://www.twitter.com',1,'2015-07-19 00:00:00',1,NULL,NULL),(88,2,2,32,'http://www.twitter.com',1,'2015-07-19 00:00:00',1,NULL,NULL),(89,2,2,33,'http://www.twitter.com',1,'2015-07-19 00:00:00',1,NULL,NULL),(90,2,2,34,'http://www.twitter.com',1,'2015-07-19 00:00:00',1,NULL,NULL),(91,2,3,35,'http://www.twitter.com',1,'2015-07-19 00:00:00',1,NULL,NULL),(92,2,3,36,'http://www.twitter.com',1,'2015-07-19 00:00:00',1,NULL,NULL),(93,2,3,37,'http://www.twitter.com',1,'2015-07-19 00:00:00',1,NULL,NULL),(94,2,3,38,'http://www.twitter.com',1,'2015-07-19 00:00:00',1,NULL,NULL),(95,2,3,39,'http://www.twitter.com',1,'2015-07-19 00:00:00',1,NULL,NULL),(106,2,3,2,'http://www.twitter.com',1,'2015-07-19 00:00:00',1,NULL,NULL),(107,1,3,2,'http://www.facebook.com',1,'2015-07-19 00:00:00',1,NULL,NULL),(108,3,3,2,'http://www.plus.google.com',1,'2015-07-19 00:00:00',1,NULL,NULL),(109,3,2,5,'http://www.plus.google.com',1,'2015-07-19 00:00:00',1,NULL,NULL),(110,3,2,6,'http://www.plus.google.com',1,'2015-07-19 00:00:00',1,NULL,NULL),(111,3,2,7,'http://www.plus.google.com',1,'2015-07-19 00:00:00',1,NULL,NULL),(112,3,2,8,'http://www.plus.google.com',1,'2015-07-19 00:00:00',1,NULL,NULL),(113,3,2,23,'http://www.plus.google.com',1,'2015-07-19 00:00:00',1,NULL,NULL),(114,3,2,24,'http://www.plus.google.com',1,'2015-07-19 00:00:00',1,NULL,NULL),(115,3,2,25,'http://www.plus.google.com',1,'2015-07-19 00:00:00',1,NULL,NULL),(116,3,2,26,'http://www.plus.google.com',1,'2015-07-19 00:00:00',1,NULL,NULL),(117,3,2,27,'http://www.plus.google.com',1,'2015-07-19 00:00:00',1,NULL,NULL),(118,3,2,28,'http://www.plus.google.com',1,'2015-07-19 00:00:00',1,NULL,NULL),(119,3,2,29,'http://www.plus.google.com',1,'2015-07-19 00:00:00',1,NULL,NULL),(120,3,2,30,'http://www.plus.google.com',1,'2015-07-19 00:00:00',1,NULL,NULL),(121,3,2,31,'http://www.plus.google.com',1,'2015-07-19 00:00:00',1,NULL,NULL),(122,3,2,32,'http://www.plus.google.com',1,'2015-07-19 00:00:00',1,NULL,NULL),(123,3,2,33,'http://www.plus.google.com',1,'2015-07-19 00:00:00',1,NULL,NULL),(124,3,2,34,'http://www.plus.google.com',1,'2015-07-19 00:00:00',1,NULL,NULL),(125,3,3,35,'http://www.plus.google.com',1,'2015-07-19 00:00:00',1,NULL,NULL),(126,3,3,36,'http://www.plus.google.com',1,'2015-07-19 00:00:00',1,NULL,NULL),(127,3,3,37,'http://www.plus.google.com',1,'2015-07-19 00:00:00',1,NULL,NULL),(128,3,3,38,'http://www.plus.google.com',1,'2015-07-19 00:00:00',1,NULL,NULL),(129,3,3,39,'http://www.plus.google.com',1,'2015-07-19 00:00:00',1,NULL,NULL),(139,4,3,2,'john.doe@aimersinfosoft.com',1,'2015-07-19 00:00:00',1,NULL,NULL),(140,4,2,5,'rakesh.kulkarni@aimersinfosoft.com',1,'2015-07-19 00:00:00',1,NULL,NULL),(141,4,2,6,'ramesh.jha@aimersinfosoft.com',1,'2015-07-19 00:00:00',1,NULL,NULL),(142,4,2,7,'swati.trivedi@aimersinfosoft.com',1,'2015-07-19 00:00:00',1,NULL,NULL),(143,4,2,8,'dayanand.sharma@aimersinfosoft.com',1,'2015-07-19 00:00:00',1,NULL,NULL),(144,4,2,23,'rohini.pandey@aimersinfosoft.com',1,'2015-07-19 00:00:00',1,NULL,NULL),(145,4,2,24,'prabhu.acharya@aimersinfosoft.com',1,'2015-07-19 00:00:00',1,NULL,NULL),(146,4,2,25,'john.abbott@aimersinfosoft.com',1,'2015-07-19 00:00:00',1,NULL,NULL),(147,4,2,26,'alma.berry@aimersinfosoft.com',1,'2015-07-19 00:00:00',1,NULL,NULL),(148,4,2,27,'celia.blake@aimersinfosoft.com',1,'2015-07-19 00:00:00',1,NULL,NULL),(149,4,2,28,'claudia.carter@aimersinfosoft.com',1,'2015-07-19 00:00:00',1,NULL,NULL),(150,4,2,29,'danita.garret@aimersinfosoft.com',1,'2015-07-19 00:00:00',1,NULL,NULL),(151,4,2,30,'edwina.gibbs@aimersinfosoft.com',1,'2015-07-19 00:00:00',1,NULL,NULL),(152,4,2,31,'hazel.johnson@aimersinfosoft.com',1,'2015-07-19 00:00:00',1,NULL,NULL),(153,4,2,32,'kim.joshep@aimersinfosoft.com',1,'2015-07-19 00:00:00',1,NULL,NULL),(154,4,2,33,'lane.joshep@aimersinfosoft.com',1,'2015-07-19 00:00:00',1,NULL,NULL),(155,4,2,34,'minta.lynn@aimersinfosoft.com',1,'2015-07-19 00:00:00',1,NULL,NULL),(156,4,3,35,'nita.parekh@aimersinfosoft.com',1,'2015-07-19 00:00:00',1,NULL,NULL),(157,4,3,36,'rosa.moors@aimersinfosoft.com',1,'2015-07-19 00:00:00',1,NULL,NULL),(158,4,3,37,'clifton.ray@aimersinfosoft.com',1,'2015-07-19 00:00:00',1,NULL,NULL),(159,4,3,38,'dawson.neal@aimersinfosoft.com',1,'2015-07-19 00:00:00',1,NULL,NULL),(160,4,3,39,'daxter.nowell@aimersinfosoft.com',1,'2015-07-19 00:00:00',1,NULL,NULL),(170,5,3,2,'john.doe@aimersinfosoft.com',1,'2015-07-19 00:00:00',1,NULL,NULL),(171,5,2,5,'rakesh.kulkarni@aimersinfosoft.com',1,'2015-07-19 00:00:00',1,NULL,NULL),(172,5,2,6,'ramesh.jha@aimersinfosoft.com',1,'2015-07-19 00:00:00',1,NULL,NULL),(173,5,2,7,'swati.trivedi@aimersinfosoft.com',1,'2015-07-19 00:00:00',1,NULL,NULL),(174,5,2,8,'dayanand.sharma@aimersinfosoft.com',1,'2015-07-19 00:00:00',1,NULL,NULL),(175,5,2,23,'rohini.pandey@aimersinfosoft.com',1,'2015-07-19 00:00:00',1,NULL,NULL),(176,5,2,24,'prabhu.acharya@aimersinfosoft.com',1,'2015-07-19 00:00:00',1,NULL,NULL),(177,5,2,25,'john.abbott@aimersinfosoft.com',1,'2015-07-19 00:00:00',1,NULL,NULL),(178,5,2,26,'alma.berry@aimersinfosoft.com',1,'2015-07-19 00:00:00',1,NULL,NULL),(179,5,2,27,'celia.blake@aimersinfosoft.com',1,'2015-07-19 00:00:00',1,NULL,NULL),(180,5,2,28,'claudia.carter@aimersinfosoft.com',1,'2015-07-19 00:00:00',1,NULL,NULL),(181,5,2,29,'danita.garret@aimersinfosoft.com',1,'2015-07-19 00:00:00',1,NULL,NULL),(182,5,2,30,'edwina.gibbs@aimersinfosoft.com',1,'2015-07-19 00:00:00',1,NULL,NULL),(183,5,2,31,'hazel.johnson@aimersinfosoft.com',1,'2015-07-19 00:00:00',1,NULL,NULL),(184,5,2,32,'kim.joshep@aimersinfosoft.com',1,'2015-07-19 00:00:00',1,NULL,NULL),(185,5,2,33,'lane.joshep@aimersinfosoft.com',1,'2015-07-19 00:00:00',1,NULL,NULL),(186,5,2,34,'minta.lynn@aimersinfosoft.com',1,'2015-07-19 00:00:00',1,NULL,NULL),(187,5,3,35,'nita.parekh@aimersinfosoft.com',1,'2015-07-19 00:00:00',1,NULL,NULL),(188,5,3,36,'rosa.moors@aimersinfosoft.com',1,'2015-07-19 00:00:00',1,NULL,NULL),(189,5,3,37,'clifton.ray@aimersinfosoft.com',1,'2015-07-19 00:00:00',1,NULL,NULL),(190,5,3,38,'dawson.neal@aimersinfosoft.com',1,'2015-07-19 00:00:00',1,NULL,NULL),(191,5,3,39,'daxter.nowell@aimersinfosoft.com',1,'2015-07-19 00:00:00',1,NULL,NULL),(201,6,3,2,'08012121212',1,'2015-07-19 00:00:00',1,NULL,NULL),(202,6,2,5,'08012121212',1,'2015-07-19 00:00:00',1,NULL,NULL),(203,6,2,6,'08012121212',1,'2015-07-19 00:00:00',1,NULL,NULL),(204,6,2,7,'08012121212',1,'2015-07-19 00:00:00',1,NULL,NULL),(205,6,2,8,'08012121212',1,'2015-07-19 00:00:00',1,NULL,NULL),(206,6,2,23,'08012121212',1,'2015-07-19 00:00:00',1,NULL,NULL),(207,6,2,24,'08012121212',1,'2015-07-19 00:00:00',1,NULL,NULL),(208,6,2,25,'08012121212',1,'2015-07-19 00:00:00',1,NULL,NULL),(209,6,2,26,'08012121212',1,'2015-07-19 00:00:00',1,NULL,NULL),(210,6,2,27,'08012121212',1,'2015-07-19 00:00:00',1,NULL,NULL),(211,6,2,28,'08012121212',1,'2015-07-19 00:00:00',1,NULL,NULL),(212,6,2,29,'08012121212',1,'2015-07-19 00:00:00',1,NULL,NULL),(213,6,2,30,'08012121212',1,'2015-07-19 00:00:00',1,NULL,NULL),(214,6,2,31,'08012121212',1,'2015-07-19 00:00:00',1,NULL,NULL),(215,6,2,32,'08012121212',1,'2015-07-19 00:00:00',1,NULL,NULL),(216,6,2,33,'08012121212',1,'2015-07-19 00:00:00',1,NULL,NULL),(217,6,2,34,'08012121212',1,'2015-07-19 00:00:00',1,NULL,NULL),(218,6,3,35,'08012121212',1,'2015-07-19 00:00:00',1,NULL,NULL),(219,6,3,36,'08012121212',1,'2015-07-19 00:00:00',1,NULL,NULL),(220,6,3,37,'08012121212',1,'2015-07-19 00:00:00',1,NULL,NULL),(221,6,3,38,'08012121212',1,'2015-07-19 00:00:00',1,NULL,NULL),(222,6,3,39,'08012121212',1,'2015-07-19 00:00:00',1,NULL,NULL),(232,7,3,2,'9999999999',1,'2015-07-19 00:00:00',1,NULL,NULL),(233,7,2,5,'9999999999',1,'2015-07-19 00:00:00',1,NULL,NULL),(234,7,2,6,'9999999999',1,'2015-07-19 00:00:00',1,NULL,NULL),(235,7,2,7,'9999999999',1,'2015-07-19 00:00:00',1,NULL,NULL),(236,7,2,8,'9999999999',1,'2015-07-19 00:00:00',1,NULL,NULL),(237,7,2,23,'9999999999',1,'2015-07-19 00:00:00',1,NULL,NULL),(238,7,2,24,'9999999999',1,'2015-07-19 00:00:00',1,NULL,NULL),(239,7,2,25,'9999999999',1,'2015-07-19 00:00:00',1,NULL,NULL),(240,7,2,26,'9999999999',1,'2015-07-19 00:00:00',1,NULL,NULL),(241,7,2,27,'9999999999',1,'2015-07-19 00:00:00',1,NULL,NULL),(242,7,2,28,'9999999999',1,'2015-07-19 00:00:00',1,NULL,NULL),(243,7,2,29,'9999999999',1,'2015-07-19 00:00:00',1,NULL,NULL),(244,7,2,30,'9999999999',1,'2015-07-19 00:00:00',1,NULL,NULL),(245,7,2,31,'9999999999',1,'2015-07-19 00:00:00',1,NULL,NULL),(246,7,2,32,'9999999999',1,'2015-07-19 00:00:00',1,NULL,NULL),(247,7,2,33,'9999999999',1,'2015-07-19 00:00:00',1,NULL,NULL),(248,7,2,34,'9999999999',1,'2015-07-19 00:00:00',1,NULL,NULL),(249,7,3,35,'9999999999',1,'2015-07-19 00:00:00',1,NULL,NULL),(250,7,3,36,'9999999999',1,'2015-07-19 00:00:00',1,NULL,NULL),(251,7,3,37,'9999999999',1,'2015-07-19 00:00:00',1,NULL,NULL),(252,7,3,38,'9999999999',1,'2015-07-19 00:00:00',1,NULL,NULL),(253,7,3,39,'9999999999',1,'2015-07-19 00:00:00',1,NULL,NULL),(254,1,2,48,'http://fb.com/jt',1,'2015-07-28 23:30:32',48,'2015-07-28 23:30:32',48),(255,2,2,48,'http://tweet.com/jt',1,'2015-07-28 23:30:32',48,'2015-07-28 23:30:32',48),(256,1,2,49,'http://fb.com/jt',1,'2015-07-29 00:06:49',49,'2015-07-29 00:06:49',49),(257,2,2,49,'http://tweet.com/jt',1,'2015-07-29 00:06:49',49,'2015-07-29 00:06:49',49),(258,1,2,50,'http://fb.com/jt',1,'2015-07-29 00:09:04',50,'2015-07-29 00:09:04',50),(259,2,2,50,'http://tweet.com/jt',1,'2015-07-29 00:09:04',50,'2015-07-29 00:09:04',50),(260,1,2,51,'http://fb.com/jt',1,'2015-07-29 00:11:50',51,'2015-07-29 00:11:50',51),(261,2,2,51,'http://tweet.com/jt',1,'2015-07-29 00:11:50',51,'2015-07-29 00:11:50',51),(262,1,2,52,'http://fb.com/jt',1,'2015-07-29 00:13:51',52,'2015-07-29 00:13:51',52),(263,2,2,52,'http://tweet.com/jt',1,'2015-07-29 00:13:51',52,'2015-07-29 00:13:51',52),(264,1,2,53,'http://fb.com/jt',1,'2015-07-29 00:15:35',53,'2015-07-29 00:15:35',53),(265,2,2,53,'http://tweet.com/jt',1,'2015-07-29 00:15:35',53,'2015-07-29 00:15:35',53),(266,1,2,54,'http://fb.com/jt',1,'2015-07-29 00:17:14',54,'2015-07-29 00:17:14',54),(267,2,2,54,'http://tweet.com/jt',1,'2015-07-29 00:17:14',54,'2015-07-29 00:17:14',54),(268,1,2,55,'http://fb.com/jt',1,'2015-07-29 00:18:55',55,'2015-07-29 00:18:55',55),(269,2,2,55,'http://tweet.com/jt',1,'2015-07-29 00:18:55',55,'2015-07-29 00:18:55',55),(270,1,2,56,'http://fb.com/jt',1,'2015-07-29 00:19:22',56,'2015-07-29 00:19:22',56),(271,2,2,56,'http://tweet.com/jt',1,'2015-07-29 00:19:22',56,'2015-07-29 00:19:22',56),(272,1,2,57,'http://fb.com/jt',1,'2015-07-29 00:20:30',57,'2015-07-29 00:20:30',57),(273,2,2,57,'http://tweet.com/jt',1,'2015-07-29 00:20:30',57,'2015-07-29 00:20:30',57),(276,1,2,61,'http://fb.com/jt',1,'2015-08-01 13:32:23',61,'2015-08-01 13:32:23',61),(277,2,2,61,'http://tweet.com/jt',1,'2015-08-01 13:32:23',61,'2015-08-01 13:32:23',61),(278,1,2,58,'http://fb.com/jt',1,'2015-08-01 14:10:37',58,'2015-08-01 14:10:37',58),(279,2,2,58,'http://tweet.com/jt',1,'2015-08-01 14:10:37',58,'2015-08-01 14:10:37',58),(280,11,2,58,'2',1,'2015-08-01 14:10:37',58,'2015-08-01 14:10:37',58),(281,11,2,58,'4',1,'2015-08-01 14:10:37',58,'2015-08-01 14:10:37',58),(326,11,2,85,'3',1,'2015-08-16 18:10:24',85,'2015-08-16 18:10:24',85),(327,11,2,85,'8',1,'2015-08-16 18:10:24',85,'2015-08-16 18:10:24',85),(328,11,2,85,'26',1,'2015-08-16 18:10:24',85,'2015-08-16 18:10:24',85),(329,11,2,85,'24',1,'2015-08-16 18:10:24',85,'2015-08-16 18:10:24',85),(330,11,2,85,'29',1,'2015-08-16 18:10:24',85,'2015-08-16 18:10:24',85),(331,11,2,85,'30',1,'2015-08-16 18:10:24',85,'2015-08-16 18:10:24',85),(332,11,2,85,'34',1,'2015-08-16 18:10:24',85,'2015-08-16 18:10:24',85),(333,11,2,85,'4',1,'2015-08-16 18:10:24',85,'2015-08-16 18:10:24',85),(384,11,2,86,'3',1,'2015-08-23 16:58:02',86,'2015-08-23 16:58:02',86),(385,11,2,86,'8',1,'2015-08-23 16:58:02',86,'2015-08-23 16:58:02',86),(386,11,2,86,'26',1,'2015-08-23 16:58:02',86,'2015-08-23 16:58:02',86),(387,11,2,86,'24',1,'2015-08-23 16:58:02',86,'2015-08-23 16:58:02',86),(388,11,2,86,'27',1,'2015-08-23 16:58:02',86,'2015-08-23 16:58:02',86),(389,11,2,86,'31',1,'2015-08-23 16:58:02',86,'2015-08-23 16:58:02',86),(390,11,2,86,'34',1,'2015-08-23 16:58:02',86,'2015-08-23 16:58:02',86);
/*!40000 ALTER TABLE `uchmt` ENABLE KEYS */;
UNLOCK TABLES;

--
-- Table structure for table `uetmp`
--

DROP TABLE IF EXISTS `uetmp`;
/*!40101 SET @saved_cs_client     = @@character_set_client */;
/*!40101 SET character_set_client = utf8 */;
CREATE TABLE `uetmp` (
  `MPNID` bigint(16) NOT NULL AUTO_INCREMENT COMMENT 'Mapping ID',
  `UTYID` int(3) NOT NULL COMMENT 'User Type ID',
  `USRID` bigint(16) NOT NULL COMMENT 'User ID',
  `ACTIV` tinyint(1) DEFAULT '1' COMMENT 'Active Flag',
  `CRTDT` datetime NOT NULL COMMENT 'Created Date',
  `CRTBY` bigint(16) NOT NULL COMMENT 'Created By',
  `CHNDT` datetime DEFAULT NULL COMMENT 'Changed Date',
  `CHNBY` bigint(16) DEFAULT NULL COMMENT 'Changed By',
  PRIMARY KEY (`MPNID`),
  KEY `USRID` (`USRID`),
  KEY `UTYID` (`UTYID`),
  CONSTRAINT `uetmp_ibfk_1` FOREIGN KEY (`USRID`) REFERENCES `usrmt` (`USRID`),
  CONSTRAINT `uetmp_ibfk_2` FOREIGN KEY (`UTYID`) REFERENCES `utymt` (`UTYID`)
) ENGINE=InnoDB AUTO_INCREMENT=78 DEFAULT CHARSET=latin1 COMMENT='User Type- Entity Type Mapping';
/*!40101 SET character_set_client = @saved_cs_client */;

--
-- Dumping data for table `uetmp`
--

LOCK TABLES `uetmp` WRITE;
/*!40000 ALTER TABLE `uetmp` DISABLE KEYS */;
INSERT INTO `uetmp` VALUES (1,2,3,1,'2015-07-17 00:00:00',1,NULL,NULL),(2,3,2,1,'2015-07-17 00:00:00',1,NULL,NULL),(3,1,1,1,'2015-07-17 00:00:00',1,NULL,NULL),(5,2,5,1,'2015-07-23 00:00:00',1,'0000-00-00 00:00:00',0),(6,2,6,1,'2015-07-23 00:00:00',1,'0000-00-00 00:00:00',0),(7,2,7,1,'2015-07-23 00:00:00',1,'0000-00-00 00:00:00',0),(8,2,8,1,'2015-07-23 00:00:00',1,'0000-00-00 00:00:00',0),(9,2,23,1,'2015-07-23 00:00:00',1,'0000-00-00 00:00:00',0),(10,2,24,1,'2015-07-23 00:00:00',1,'0000-00-00 00:00:00',0),(11,2,25,1,'2015-07-23 00:00:00',1,'0000-00-00 00:00:00',0),(12,2,26,1,'2015-07-23 00:00:00',1,'0000-00-00 00:00:00',0),(13,2,27,1,'2015-07-23 00:00:00',1,'0000-00-00 00:00:00',0),(14,2,28,1,'2015-07-23 00:00:00',1,'0000-00-00 00:00:00',0),(15,2,29,1,'2015-07-23 00:00:00',1,'0000-00-00 00:00:00',0),(16,2,30,1,'2015-07-23 00:00:00',1,'0000-00-00 00:00:00',0),(17,2,31,1,'2015-07-23 00:00:00',1,'0000-00-00 00:00:00',0),(18,2,32,1,'2015-07-23 00:00:00',1,'0000-00-00 00:00:00',0),(19,2,33,1,'2015-07-23 00:00:00',1,'0000-00-00 00:00:00',0),(20,2,34,1,'2015-07-23 00:00:00',1,'0000-00-00 00:00:00',0),(36,3,35,1,'2015-07-23 00:00:00',1,'0000-00-00 00:00:00',0),(37,3,36,1,'2015-07-23 00:00:00',1,'0000-00-00 00:00:00',0),(38,3,37,1,'2015-07-23 00:00:00',1,'0000-00-00 00:00:00',0),(39,3,38,1,'2015-07-23 00:00:00',1,'0000-00-00 00:00:00',0),(40,3,39,1,'2015-07-23 00:00:00',1,'0000-00-00 00:00:00',0),(41,2,47,1,'2015-07-28 23:28:07',47,'2015-07-28 23:28:07',47),(42,2,48,1,'2015-07-28 23:30:32',48,'2015-07-28 23:30:32',48),(43,2,49,1,'2015-07-29 00:06:49',49,'2015-07-29 00:06:49',49),(44,2,50,1,'2015-07-29 00:09:04',50,'2015-07-29 00:09:04',50),(45,2,51,1,'2015-07-29 00:11:50',51,'2015-07-29 00:11:50',51),(46,2,52,1,'2015-07-29 00:13:51',52,'2015-07-29 00:13:51',52),(47,2,53,1,'2015-07-29 00:15:35',53,'2015-07-29 00:15:35',53),(48,2,54,1,'2015-07-29 00:17:14',54,'2015-07-29 00:17:14',54),(49,2,55,1,'2015-07-29 00:18:55',55,'2015-07-29 00:18:55',55),(50,2,56,1,'2015-07-29 00:19:22',56,'2015-07-29 00:19:22',56),(51,2,57,1,'2015-07-29 00:20:30',57,'2015-07-29 00:20:30',57),(53,2,61,1,'2015-08-01 13:32:23',61,'2015-08-01 13:32:23',61),(54,2,58,1,'2015-08-01 14:10:37',58,'2015-08-01 14:10:37',58),(55,2,65,1,'2015-08-09 18:57:52',65,'2015-08-09 18:57:52',65),(56,2,66,1,'2015-08-09 20:23:03',66,'2015-08-09 20:23:03',66),(57,2,67,1,'2015-08-09 20:23:36',67,'2015-08-09 20:23:36',67),(58,2,68,1,'2015-08-09 20:25:05',68,'2015-08-09 20:25:05',68),(59,2,69,1,'2015-08-09 20:26:23',69,'2015-08-09 20:26:23',69),(60,2,70,1,'2015-08-09 20:29:28',70,'2015-08-09 20:29:28',70),(61,2,71,1,'2015-08-09 20:31:06',71,'2015-08-09 20:31:06',71),(62,2,72,1,'2015-08-09 20:35:27',72,'2015-08-09 20:35:27',72),(63,2,73,1,'2015-08-09 20:38:18',73,'2015-08-09 20:38:18',73),(64,2,74,1,'2015-08-09 20:39:19',74,'2015-08-09 20:39:19',74),(65,2,75,1,'2015-08-09 20:58:31',75,'2015-08-09 20:58:31',75),(66,2,76,1,'2015-08-09 21:17:39',76,'2015-08-09 21:17:39',76),(67,2,77,1,'2015-08-09 21:33:05',77,'2015-08-09 21:33:05',77),(68,2,78,1,'2015-08-09 21:43:20',78,'2015-08-09 21:43:20',78),(69,2,79,1,'2015-08-16 07:18:17',79,'2015-08-16 07:18:17',79),(70,2,80,1,'2015-08-16 12:49:13',80,'2015-08-16 12:49:13',80),(71,2,81,1,'2015-08-16 12:51:28',81,'2015-08-16 12:51:28',81),(72,2,84,1,'2015-08-16 16:17:51',84,'2015-08-16 16:17:51',84),(73,2,85,1,'2015-08-16 18:10:24',85,'2015-08-16 18:10:24',85),(74,2,4,1,'2015-08-22 18:01:26',4,'2015-08-22 18:01:26',4),(75,2,86,1,'2015-08-23 16:58:02',86,'2015-08-23 16:58:02',86),(76,2,87,1,'2015-09-12 12:59:18',87,'2015-09-12 12:59:18',87),(77,2,88,1,'2015-09-13 14:32:45',88,'2015-09-13 14:32:45',88);
/*!40000 ALTER TABLE `uetmp` ENABLE KEYS */;
UNLOCK TABLES;

--
-- Table structure for table `ufrtr`
--

DROP TABLE IF EXISTS `ufrtr`;
/*!40101 SET @saved_cs_client     = @@character_set_client */;
/*!40101 SET character_set_client = utf8 */;
CREATE TABLE `ufrtr` (
  `FRMID` bigint(10) NOT NULL AUTO_INCREMENT COMMENT 'Feedback Recommandation ID',
  `RATIN` tinyint(1) NOT NULL COMMENT 'Rating',
  `DESCR` varchar(500) DEFAULT NULL COMMENT 'Text',
  `RTYPE` tinyint(1) DEFAULT NULL COMMENT 'Feedback 0\r\nRecommandation 1',
  `FMUSR` bigint(16) DEFAULT NULL COMMENT 'From User',
  `TOUSR` bigint(16) DEFAULT NULL COMMENT 'To User',
  `ACTIV` tinyint(1) DEFAULT '1' COMMENT 'On/Off',
  `CRTBY` bigint(16) NOT NULL COMMENT 'Created By',
  `CRTDT` datetime NOT NULL COMMENT 'Created Date',
  `CHNDT` datetime DEFAULT NULL COMMENT 'Changed Date',
  `CHNBY` bigint(16) DEFAULT NULL COMMENT 'Changed By',
  PRIMARY KEY (`FRMID`),
  KEY `TOUSR` (`TOUSR`),
  KEY `FMUSR` (`FMUSR`),
  CONSTRAINT `ufrtr_ibfk_1` FOREIGN KEY (`TOUSR`) REFERENCES `usrmt` (`USRID`),
  CONSTRAINT `ufrtr_ibfk_2` FOREIGN KEY (`FMUSR`) REFERENCES `usrmt` (`USRID`)
) ENGINE=InnoDB DEFAULT CHARSET=latin1 COMMENT='Feedback and Recommandation';
/*!40101 SET character_set_client = @saved_cs_client */;

--
-- Dumping data for table `ufrtr`
--

LOCK TABLES `ufrtr` WRITE;
/*!40000 ALTER TABLE `ufrtr` DISABLE KEYS */;
/*!40000 ALTER TABLE `ufrtr` ENABLE KEYS */;
UNLOCK TABLES;

--
-- Table structure for table `usrmt`
--

DROP TABLE IF EXISTS `usrmt`;
/*!40101 SET @saved_cs_client     = @@character_set_client */;
/*!40101 SET character_set_client = utf8 */;
CREATE TABLE `usrmt` (
  `USRID` bigint(16) NOT NULL AUTO_INCREMENT COMMENT 'User ID',
  `URCOD` char(10) NOT NULL COMMENT 'User Code,Example: AIM0000001Auto Generate',
  `PRFIX` char(4) DEFAULT NULL COMMENT 'Prefix\r\n\r\nDr.\r\nEr.\r\n',
  `TITLE` char(4) DEFAULT NULL COMMENT 'Salulation \r\n\r\nMr.\r\nMs.\r\nMrs.',
  `FRNAM` varchar(20) DEFAULT '' COMMENT 'First Name\r\n',
  `LTNAM` varchar(20) DEFAULT '' COMMENT 'Last Name\r\n',
  `URDOB` date DEFAULT NULL COMMENT 'Date Of Birth\r\n',
  `GENDR` tinyint(1) DEFAULT NULL COMMENT 'Gender1-MALE2-FEMALE3-THIRD',
  `DSPNM` varchar(50) DEFAULT '' COMMENT 'Display Name,\r\n\r\nIf not provided, First Name + Last Name',
  `ACTIV` tinyint(1) NOT NULL DEFAULT '1' COMMENT 'Active FlagTrue / False',
  `CRTDT` datetime NOT NULL COMMENT 'Created Date',
  `CRTBY` bigint(16) NOT NULL COMMENT 'Created By',
  `CHNDT` datetime DEFAULT NULL COMMENT 'Changed Date',
  `CHNBY` bigint(16) DEFAULT NULL COMMENT 'Changed By',
  PRIMARY KEY (`USRID`),
  UNIQUE KEY `IDX_USRCOD` (`URCOD`) USING BTREE
) ENGINE=InnoDB AUTO_INCREMENT=89 DEFAULT CHARSET=latin1 COMMENT='User Master Table';
/*!40101 SET character_set_client = @saved_cs_client */;

--
-- Dumping data for table `usrmt`
--

LOCK TABLES `usrmt` WRITE;
/*!40000 ALTER TABLE `usrmt` DISABLE KEYS */;
INSERT INTO `usrmt` VALUES (1,'A150000001',NULL,NULL,'Aimers','Admin','2015-07-15',1,'Aimers Administrator',1,'2015-07-15 00:00:00',1,NULL,NULL),(2,'A150000002',NULL,'Mr.','John','Doe','2015-07-17',1,'John Doe',1,'2015-07-17 00:00:00',1,NULL,NULL),(3,'A150000003','Dr.','Mr.','Thomas','Stewart','2015-07-17',1,'Thomas Stewart',1,'2015-07-17 00:00:00',1,NULL,NULL),(4,'4','Dr.','Ms.','Jane','Pearson','2015-07-17',0,'JanePearson',1,'2015-08-22 18:01:26',4,'2015-08-22 18:01:26',4),(5,'A150000005','Dr.','Mr.','Rakesh','Kulkarni','2015-07-16',1,'Dr. Rakesh Kulkarni',1,'2015-07-22 00:00:00',1,NULL,NULL),(6,'A150000006','Dr.','Mr.','Ramesh','Jha','1978-01-01',1,'Dr. Ramesh Jha',1,'2015-07-22 00:00:00',1,NULL,NULL),(7,'A150000007','Dr.','Ms.','Swati','Trivedi','1999-10-21',2,'Dr. Swati Trivedi',1,'2015-07-22 00:00:00',1,NULL,NULL),(8,'A150000008','Dr.','Mr.','Dayanand','Sharma','1984-11-26',1,'Dr. Dayanand Sharma',1,'2015-07-22 00:00:00',1,NULL,NULL),(23,'A150000009','Dr.','Ms.','Rohini','Pandey','1975-07-20',2,'Dr. Rohini Pandey',1,'2015-07-22 00:00:00',1,NULL,NULL),(24,'A150000010','Dr.','Mr.','Prabhu','Acharya','1985-08-16',1,'Dr. Prabhu Acharya',1,'2015-07-22 00:00:00',1,NULL,NULL),(25,'A150000011','Dr.','Mr.','John','Abbott','1985-07-10',1,'Dr. John Abbott',1,'2015-07-22 00:00:00',1,NULL,NULL),(26,'A150000012','Dr.','Ms.','Alma','Berry','2000-05-03',2,'Dr. Alma Berry',1,'2015-07-22 00:00:00',1,NULL,NULL),(27,'A150000013','Dr.','Ms.','Celia','Blake','1988-05-05',2,'Dr. Celia Blake',1,'2015-07-22 00:00:00',1,NULL,NULL),(28,'A150000014','Dr.','Ms.','Claudia','Carter','1963-03-04',2,'Dr. Claudia Carter',1,'2015-07-22 00:00:00',1,NULL,NULL),(29,'A150000015','Dr.','Ms.','Danita','Garret','1987-07-25',2,'Dr. Danita Garret',1,'2015-07-22 00:00:00',1,NULL,NULL),(30,'A150000016','Dr.','Ms.','Edwina','Gibbs','1954-01-25',2,'Dr. Edwina Gibbs',1,'2015-07-22 00:00:00',1,NULL,NULL),(31,'A150000017','Dr.','Ms.','Hazel','Johnson','1977-07-16',2,'Dr. Hazel Johnson',1,'2015-07-22 00:00:00',1,NULL,NULL),(32,'A150000018','Dr.','Ms.','Kim','Joshep','1975-04-26',2,'Dr. Kim Joshep',1,'2015-07-22 00:00:00',1,NULL,NULL),(33,'A150000019','Dr.','Ms.','Lane','Joshep','1978-03-31',2,'Dr. Lane Joshep',1,'2015-07-22 00:00:00',1,NULL,NULL),(34,'A150000020','Dr.','Ms.','Minta','Lynn','1983-04-30',2,'Dr. Minta Lynn',1,'2015-07-22 00:00:00',1,NULL,NULL),(35,'A150000021','','Ms.','Nita','Parekh','1978-01-01',2,'Nita Parekh',1,'2015-07-22 00:00:00',1,NULL,NULL),(36,'A150000022','','Ms.','Rosa','Moors','1999-10-21',2,'Rosa Moors',1,'2015-07-22 00:00:00',1,NULL,NULL),(37,'A150000023','','Mr.','Clifton','Ray','1984-11-26',1,'Clifton Ray',1,'2015-07-22 00:00:00',1,NULL,NULL),(38,'A150000024','','Mr.','Dawson','Neal','1969-07-16',1,'Dason Neal',1,'2015-07-22 00:00:00',1,NULL,NULL),(39,'A150000025','','Mr.','Daxter','Nowell','1975-07-20',1,'Daxter Nowell',1,'2015-07-22 00:00:00',1,NULL,NULL),(40,'40','Mr','Hon.','Rocky','B','2011-07-28',1,'RockyB',1,'2015-07-28 22:42:52',40,'2015-07-28 22:42:52',40),(43,'43','Mr','Hon.','Rocky','B','2011-07-28',1,'RockyB',1,'2015-07-28 23:21:24',43,'2015-07-28 23:21:24',43),(44,'44','Mr','Hon.','Rocky','B','2011-07-28',1,'RockyB',1,'2015-07-28 23:22:38',44,'2015-07-28 23:22:38',44),(45,'45','Mr','Hon.','Rocky','B','2011-07-28',1,'RockyB',1,'2015-07-28 23:24:04',45,'2015-07-28 23:24:04',45),(46,'46','Mr','Hon.','Rocky','B','2011-07-28',1,'RockyB',1,'2015-07-28 23:26:30',46,'2015-07-28 23:26:30',46),(47,'47','Mr','Hon.','Rocky','B','2011-07-28',1,'RockyB',1,'2015-07-28 23:28:07',47,'2015-07-28 23:28:07',47),(48,'48','Mr','Hon.','Rocky','B','2011-07-28',1,'RockyB',1,'2015-07-28 23:30:32',48,'2015-07-28 23:30:32',48),(49,'49','Mr','Hon.','Rocky','B','2011-07-28',1,'RockyB',1,'2015-07-29 00:06:49',49,'2015-07-29 00:06:49',49),(50,'50','Mr','Hon.','Rocky','B','2011-07-28',1,'RockyB',1,'2015-07-29 00:09:04',50,'2015-07-29 00:09:04',50),(51,'51','Mr','Hon.','Rocky','B','2011-07-28',1,'RockyB',1,'2015-07-29 00:11:50',51,'2015-07-29 00:11:50',51),(52,'52','Mr','Hon.','Rocky','B','2011-07-28',1,'RockyB',1,'2015-07-29 00:13:51',52,'2015-07-29 00:13:51',52),(53,'53','Mr','Hon.','Rocky','B','2011-07-28',1,'RockyB',1,'2015-07-29 00:15:35',53,'2015-07-29 00:15:35',53),(54,'54','Mr','Hon.','Rocky','B','2011-07-28',1,'RockyB',1,'2015-07-29 00:17:14',54,'2015-07-29 00:17:14',54),(55,'55','Mr','Hon.','Rocky','B','2011-07-28',1,'RockyB',1,'2015-07-29 00:18:55',55,'2015-07-29 00:18:55',55),(56,'56','Mr','Hon.','Rocky','B','2011-07-28',1,'RockyB',1,'2015-07-29 00:19:22',56,'2015-07-29 00:19:22',56),(57,'57','Mr','Hon.','Rocky','B','2011-07-28',1,'RockyB',1,'2015-07-29 00:20:30',57,'2015-07-29 00:20:30',57),(58,'58','Mr','Hon.','Rocky','B','2011-07-28',0,'RockyB',1,'2015-08-01 14:10:37',58,'2015-08-01 14:10:37',58),(61,'61','Mr','Hon.','Rocky','B','2011-07-28',1,'RockyB',1,'2015-08-01 13:32:23',61,'2015-08-01 13:32:23',61),(65,'65','','','','','1900-01-01',2,'',1,'2015-08-09 18:57:52',65,'2015-08-09 18:57:52',65),(66,'66','','','','','1900-01-01',2,'',1,'2015-08-09 20:23:03',66,'2015-08-09 20:23:03',66),(67,'67','','','','','1900-01-01',2,'',1,'2015-08-09 20:23:36',67,'2015-08-09 20:23:36',67),(68,'68','','','','','1900-01-01',2,'',1,'2015-08-09 20:25:05',68,'2015-08-09 20:25:05',68),(69,'69','','','','','1900-01-01',2,'',1,'2015-08-09 20:26:23',69,'2015-08-09 20:26:23',69),(70,'70','','','','','1900-01-01',2,'',1,'2015-08-09 20:29:28',70,'2015-08-09 20:29:28',70),(71,'71','','','','','1900-01-01',2,'',1,'2015-08-09 20:31:06',71,'2015-08-09 20:31:06',71),(72,'72','','','','','1900-01-01',2,'',1,'2015-08-09 20:35:27',72,'2015-08-09 20:35:27',72),(73,'73','','','','','1900-01-01',2,'',1,'2015-08-09 20:38:18',73,'2015-08-09 20:38:18',73),(74,'74','','','','','1900-01-01',2,'',1,'2015-08-09 20:39:19',74,'2015-08-09 20:39:19',74),(75,'75','','','','','1900-01-01',2,'',1,'2015-08-09 20:58:31',75,'2015-08-09 20:58:31',75),(76,'76','','','','','1900-01-01',2,'',1,'2015-08-09 21:17:39',76,'2015-08-09 21:17:39',76),(77,'77','','','','','1900-01-01',2,'',1,'2015-08-09 21:33:05',77,'2015-08-09 21:33:05',77),(78,'78','','','','','1900-01-01',2,'',1,'2015-08-09 21:43:20',78,'2015-08-09 21:43:20',78),(79,'79','','','','','1900-01-01',2,'',1,'2015-08-16 07:18:17',79,'2015-08-16 07:18:17',79),(80,'80','','','','','1900-01-01',2,'',1,'2015-08-16 12:49:13',80,'2015-08-16 12:49:13',80),(81,'81','','','','','1900-01-01',2,'',1,'2015-08-16 12:51:28',81,'2015-08-16 12:51:28',81),(84,'84','','','','','1900-01-01',2,'',1,'2015-08-16 16:17:51',84,'2015-08-16 16:17:51',84),(85,'85','','','','','1900-01-01',0,'',1,'2015-08-16 18:10:24',85,'2015-08-16 18:10:24',85),(86,'86','Mr.','','Buvenesh','Khatri','1900-01-01',0,'',1,'2015-08-23 16:58:02',86,'2015-08-23 16:58:02',86),(87,'87','','','','','1900-01-01',2,'',1,'2015-09-12 12:59:18',87,'2015-09-12 12:59:18',87),(88,'88','','','NewDoc','NewDoc','1900-01-01',0,'Dr. New Doc',1,'2015-09-13 14:32:45',88,'2015-09-13 14:32:45',88);
/*!40000 ALTER TABLE `usrmt` ENABLE KEYS */;
UNLOCK TABLES;

--
-- Table structure for table `utrmp`
--

DROP TABLE IF EXISTS `utrmp`;
/*!40101 SET @saved_cs_client     = @@character_set_client */;
/*!40101 SET character_set_client = utf8 */;
CREATE TABLE `utrmp` (
  `MPNID` int(3) NOT NULL AUTO_INCREMENT COMMENT 'Mapping ID',
  `UTYID` int(3) NOT NULL COMMENT 'User Type ID',
  `ROLID` int(3) NOT NULL COMMENT 'Role ID',
  `ACTIV` tinyint(1) NOT NULL DEFAULT '1' COMMENT 'Active FlagTrue / False',
  `CHNDT` datetime DEFAULT NULL COMMENT 'Changed Date',
  `CRTDT` datetime NOT NULL COMMENT 'Created Date',
  `CHNBY` bigint(16) DEFAULT NULL COMMENT 'Changed By',
  `CRTBY` bigint(16) NOT NULL COMMENT 'Created By',
  PRIMARY KEY (`MPNID`),
  KEY `ROLID` (`ROLID`),
  KEY `UTYID` (`UTYID`),
  CONSTRAINT `utrmp_ibfk_1` FOREIGN KEY (`ROLID`) REFERENCES `rolmt` (`ROLID`),
  CONSTRAINT `utrmp_ibfk_2` FOREIGN KEY (`UTYID`) REFERENCES `utymt` (`UTYID`)
) ENGINE=InnoDB AUTO_INCREMENT=4 DEFAULT CHARSET=latin1 COMMENT='User Type Role Mapping';
/*!40101 SET character_set_client = @saved_cs_client */;

--
-- Dumping data for table `utrmp`
--

LOCK TABLES `utrmp` WRITE;
/*!40000 ALTER TABLE `utrmp` DISABLE KEYS */;
INSERT INTO `utrmp` VALUES (1,1,1,1,NULL,'2015-07-18 00:00:00',NULL,1),(2,2,2,1,NULL,'2015-07-18 00:00:00',NULL,1),(3,3,3,1,NULL,'2015-07-18 00:00:00',NULL,1);
/*!40000 ALTER TABLE `utrmp` ENABLE KEYS */;
UNLOCK TABLES;

--
-- Table structure for table `utymt`
--

DROP TABLE IF EXISTS `utymt`;
/*!40101 SET @saved_cs_client     = @@character_set_client */;
/*!40101 SET character_set_client = utf8 */;
CREATE TABLE `utymt` (
  `UTYID` int(3) NOT NULL AUTO_INCREMENT COMMENT 'User Type ID',
  `DESCR` varchar(40) NOT NULL COMMENT 'Description',
  `ACTIV` tinyint(1) NOT NULL DEFAULT '1' COMMENT 'Active FlagTrue / False',
  `CHNDT` datetime DEFAULT NULL COMMENT 'Changed Date',
  `CRTDT` datetime NOT NULL COMMENT 'Created Date',
  `CHNBY` bigint(16) DEFAULT NULL COMMENT 'Changed By',
  `CRTBY` bigint(16) NOT NULL COMMENT 'Created By',
  PRIMARY KEY (`UTYID`)
) ENGINE=InnoDB AUTO_INCREMENT=4 DEFAULT CHARSET=latin1 COMMENT='User Type Master';
/*!40101 SET character_set_client = @saved_cs_client */;

--
-- Dumping data for table `utymt`
--

LOCK TABLES `utymt` WRITE;
/*!40000 ALTER TABLE `utymt` DISABLE KEYS */;
INSERT INTO `utymt` VALUES (1,'Administrator',1,NULL,'2015-07-17 00:00:00',NULL,1),(2,'Vendor',1,NULL,'2015-07-17 00:00:00',NULL,1),(3,'User',1,NULL,'2015-07-17 00:00:00',NULL,1);
/*!40000 ALTER TABLE `utymt` ENABLE KEYS */;
UNLOCK TABLES;

--
-- Table structure for table `vempt`
--

DROP TABLE IF EXISTS `vempt`;
/*!40101 SET @saved_cs_client     = @@character_set_client */;
/*!40101 SET character_set_client = utf8 */;
CREATE TABLE `vempt` (
  `MPNID` bigint(16) NOT NULL AUTO_INCREMENT COMMENT 'Mapping ID',
  `USRID` bigint(16) NOT NULL COMMENT 'User ID',
  `UTYID` int(3) NOT NULL COMMENT 'User Type ID',
  `ETYID` int(4) NOT NULL COMMENT 'Entity Type ID',
  `ETCID` int(4) NOT NULL COMMENT 'Entity Category ID',
  `ENTID` int(4) NOT NULL COMMENT 'Entity ID',
  `ACTIV` tinyint(1) DEFAULT '1' COMMENT 'ON/OFF',
  `CRTDT` datetime NOT NULL COMMENT 'Created Date',
  `CRTBY` bigint(16) NOT NULL COMMENT 'Created By',
  `CHNDT` datetime DEFAULT NULL COMMENT 'Changed Date',
  `CHNBY` bigint(16) DEFAULT NULL COMMENT 'Changed By',
  PRIMARY KEY (`MPNID`),
  KEY `ENTID` (`ENTID`),
  KEY `ETCID` (`ETCID`),
  KEY `ETYID` (`ETYID`),
  KEY `USRID` (`USRID`),
  KEY `UTYID` (`UTYID`),
  CONSTRAINT `vempt_ibfk_1` FOREIGN KEY (`ENTID`) REFERENCES `entmt` (`ENTID`),
  CONSTRAINT `vempt_ibfk_2` FOREIGN KEY (`ETCID`) REFERENCES `etcmt` (`ETCID`),
  CONSTRAINT `vempt_ibfk_3` FOREIGN KEY (`ETYID`) REFERENCES `etymt` (`ETYID`),
  CONSTRAINT `vempt_ibfk_4` FOREIGN KEY (`USRID`) REFERENCES `usrmt` (`USRID`),
  CONSTRAINT `vempt_ibfk_5` FOREIGN KEY (`UTYID`) REFERENCES `utymt` (`UTYID`)
) ENGINE=InnoDB AUTO_INCREMENT=463 DEFAULT CHARSET=latin1 COMMENT='Vendor Entity Map table';
/*!40101 SET character_set_client = @saved_cs_client */;

--
-- Dumping data for table `vempt`
--

LOCK TABLES `vempt` WRITE;
/*!40000 ALTER TABLE `vempt` DISABLE KEYS */;
INSERT INTO `vempt` VALUES (3,8,2,1,1,1,1,'2015-07-26 00:00:00',1,NULL,NULL),(4,26,2,1,1,1,1,'2015-07-26 00:00:00',1,NULL,NULL),(6,24,2,1,1,1,1,'2015-07-26 00:00:00',1,NULL,NULL),(7,27,2,1,1,1,1,'2015-07-26 00:00:00',1,NULL,NULL),(8,7,2,1,1,2,1,'2015-07-26 00:00:00',1,NULL,NULL),(10,24,2,1,1,2,1,'2015-07-26 00:00:00',1,NULL,NULL),(11,27,2,1,1,2,1,'2015-07-26 00:00:00',1,NULL,NULL),(12,6,2,1,1,3,1,'2015-07-26 00:00:00',1,NULL,NULL),(13,7,2,1,1,3,1,'2015-07-26 00:00:00',1,NULL,NULL),(14,25,2,1,1,3,1,'2015-07-26 00:00:00',1,NULL,NULL),(15,5,2,1,1,4,1,'2015-07-26 00:00:00',1,NULL,NULL),(16,23,2,1,1,4,1,'2015-07-26 00:00:00',1,NULL,NULL),(17,26,2,1,1,4,1,'2015-07-26 00:00:00',1,NULL,NULL),(18,27,2,1,1,4,1,'2015-07-26 00:00:00',1,NULL,NULL),(19,5,2,1,1,5,1,'2015-07-26 00:00:00',1,NULL,NULL),(20,6,2,1,1,5,1,'2015-07-26 00:00:00',1,NULL,NULL),(21,8,2,1,1,5,1,'2015-07-26 00:00:00',1,NULL,NULL),(22,25,2,1,1,5,1,'2015-07-26 00:00:00',1,NULL,NULL),(24,6,2,1,1,6,1,'2015-07-26 00:00:00',1,NULL,NULL),(25,23,2,1,1,6,1,'2015-07-26 00:00:00',1,NULL,NULL),(26,27,2,1,1,6,1,'2015-07-26 00:00:00',1,NULL,NULL),(28,8,2,1,1,7,1,'2015-07-26 00:00:00',1,NULL,NULL),(29,24,2,1,1,7,1,'2015-07-26 00:00:00',1,NULL,NULL),(30,26,2,1,1,7,1,'2015-07-26 00:00:00',1,NULL,NULL),(31,5,2,1,1,8,1,'2015-07-26 00:00:00',1,NULL,NULL),(32,7,2,1,1,8,1,'2015-07-26 00:00:00',1,NULL,NULL),(33,25,2,1,1,8,1,'2015-07-26 00:00:00',1,NULL,NULL),(34,5,2,1,1,9,1,'2015-07-26 00:00:00',1,NULL,NULL),(35,23,2,1,1,9,1,'2015-07-26 00:00:00',1,NULL,NULL),(36,27,2,1,1,9,1,'2015-07-26 00:00:00',1,NULL,NULL),(37,23,2,1,1,10,1,'2015-07-26 00:00:00',1,NULL,NULL),(39,6,2,1,1,10,1,'2015-07-26 00:00:00',1,NULL,NULL),(40,24,2,1,1,10,1,'2015-07-26 00:00:00',1,NULL,NULL),(42,8,2,1,1,11,1,'2015-07-26 00:00:00',1,NULL,NULL),(43,26,2,1,1,11,1,'2015-07-26 00:00:00',1,NULL,NULL),(44,23,2,1,1,12,1,'2015-07-26 00:00:00',1,NULL,NULL),(45,25,2,1,1,12,1,'2015-07-26 00:00:00',1,NULL,NULL),(47,5,2,1,1,13,1,'2015-07-26 00:00:00',1,NULL,NULL),(48,27,2,1,1,13,1,'2015-07-26 00:00:00',1,NULL,NULL),(49,8,2,1,1,14,1,'2015-07-26 00:00:00',1,NULL,NULL),(51,7,2,1,1,14,1,'2015-07-26 00:00:00',1,NULL,NULL),(52,26,2,1,1,14,1,'2015-07-26 00:00:00',1,NULL,NULL),(53,6,2,1,1,15,1,'2015-07-26 00:00:00',1,NULL,NULL),(54,23,2,1,1,15,1,'2015-07-26 00:00:00',1,NULL,NULL),(55,24,2,1,1,15,1,'2015-07-26 00:00:00',1,NULL,NULL),(56,24,2,1,1,16,1,'2015-07-26 00:00:00',1,NULL,NULL),(57,5,2,1,1,16,1,'2015-07-26 00:00:00',1,NULL,NULL),(58,8,2,1,1,16,1,'2015-07-26 00:00:00',1,NULL,NULL),(59,27,2,1,1,16,1,'2015-07-26 00:00:00',1,NULL,NULL),(60,7,2,1,1,17,1,'2015-07-26 00:00:00',1,NULL,NULL),(61,25,2,1,1,17,1,'2015-07-26 00:00:00',1,NULL,NULL),(62,6,2,1,1,18,1,'2015-07-26 00:00:00',1,NULL,NULL),(63,23,2,1,1,18,1,'2015-07-26 00:00:00',1,NULL,NULL),(65,7,2,1,1,19,1,'2015-07-26 00:00:00',1,NULL,NULL),(66,26,2,1,1,19,1,'2015-07-26 00:00:00',1,NULL,NULL),(67,27,2,1,1,19,1,'2015-07-26 00:00:00',1,NULL,NULL),(68,26,2,1,1,20,1,'2015-07-26 00:00:00',1,NULL,NULL),(69,5,2,1,1,20,1,'2015-07-26 00:00:00',1,NULL,NULL),(70,8,2,1,1,20,1,'2015-07-26 00:00:00',1,NULL,NULL),(71,24,2,1,1,20,1,'2015-07-26 00:00:00',1,NULL,NULL),(73,7,2,1,1,21,1,'2015-07-26 00:00:00',1,NULL,NULL),(74,26,2,1,1,21,1,'2015-07-26 00:00:00',1,NULL,NULL),(75,27,2,1,1,22,1,'2015-07-26 00:00:00',1,NULL,NULL),(76,6,2,1,1,22,1,'2015-07-26 00:00:00',1,NULL,NULL),(77,8,2,1,1,22,1,'2015-07-26 00:00:00',1,NULL,NULL),(78,25,2,1,1,22,1,'2015-07-26 00:00:00',1,NULL,NULL),(79,5,2,1,1,23,1,'2015-07-26 00:00:00',1,NULL,NULL),(80,24,2,1,1,23,1,'2015-07-26 00:00:00',1,NULL,NULL),(81,27,2,1,1,23,1,'2015-07-26 00:00:00',1,NULL,NULL),(82,25,2,1,1,24,1,'2015-07-26 00:00:00',1,NULL,NULL),(84,23,2,1,1,24,1,'2015-07-26 00:00:00',1,NULL,NULL),(128,29,2,1,1,1,1,'2015-07-26 00:00:00',1,NULL,NULL),(129,30,2,1,1,1,1,'2015-07-26 00:00:00',1,NULL,NULL),(130,30,2,1,1,2,1,'2015-07-26 00:00:00',1,NULL,NULL),(131,29,2,1,1,3,1,'2015-07-26 00:00:00',1,NULL,NULL),(132,31,2,1,1,3,1,'2015-07-26 00:00:00',1,NULL,NULL),(133,31,2,1,1,4,1,'2015-07-26 00:00:00',1,NULL,NULL),(134,28,2,1,1,5,1,'2015-07-26 00:00:00',1,NULL,NULL),(135,30,2,1,1,6,1,'2015-07-26 00:00:00',1,NULL,NULL),(136,28,2,1,1,8,1,'2015-07-26 00:00:00',1,NULL,NULL),(137,31,2,1,1,8,1,'2015-07-26 00:00:00',1,NULL,NULL),(138,30,2,1,1,9,1,'2015-07-26 00:00:00',1,NULL,NULL),(139,28,2,1,1,10,1,'2015-07-26 00:00:00',1,NULL,NULL),(140,31,2,1,1,11,1,'2015-07-26 00:00:00',1,NULL,NULL),(141,28,2,1,1,12,1,'2015-07-26 00:00:00',1,NULL,NULL),(142,29,2,1,1,12,1,'2015-07-26 00:00:00',1,NULL,NULL),(143,29,2,1,1,13,1,'2015-07-26 00:00:00',1,NULL,NULL),(144,30,2,1,1,14,1,'2015-07-26 00:00:00',1,NULL,NULL),(145,30,2,1,1,15,1,'2015-07-26 00:00:00',1,NULL,NULL),(146,29,2,1,1,15,1,'2015-07-26 00:00:00',1,NULL,NULL),(147,31,2,1,1,17,1,'2015-07-26 00:00:00',1,NULL,NULL),(148,28,2,1,1,17,1,'2015-07-26 00:00:00',1,NULL,NULL),(149,30,2,1,1,18,1,'2015-07-26 00:00:00',1,NULL,NULL),(150,31,2,1,1,19,1,'2015-07-26 00:00:00',1,NULL,NULL),(151,28,2,1,1,20,1,'2015-07-26 00:00:00',1,NULL,NULL),(152,29,2,1,1,21,1,'2015-07-26 00:00:00',1,NULL,NULL),(153,28,2,1,1,22,1,'2015-07-26 00:00:00',1,NULL,NULL),(154,30,2,1,1,23,1,'2015-07-26 00:00:00',1,NULL,NULL),(155,28,2,1,1,24,1,'2015-07-26 00:00:00',1,NULL,NULL),(156,31,2,1,1,24,1,'2015-07-26 00:00:00',1,NULL,NULL),(159,34,2,1,1,1,1,'2015-07-26 00:00:00',1,NULL,NULL),(160,32,2,1,1,1,1,'2015-07-26 00:00:00',1,NULL,NULL),(161,32,2,1,1,2,1,'2015-07-26 00:00:00',1,NULL,NULL),(162,33,2,1,1,3,1,'2015-07-26 00:00:00',1,NULL,NULL),(163,34,2,1,1,5,1,'2015-07-26 00:00:00',1,NULL,NULL),(164,32,2,1,1,6,1,'2015-07-26 00:00:00',1,NULL,NULL),(165,32,2,1,1,7,1,'2015-07-26 00:00:00',1,NULL,NULL),(166,32,2,1,1,9,1,'2015-07-26 00:00:00',1,NULL,NULL),(167,33,2,1,1,9,1,'2015-07-26 00:00:00',1,NULL,NULL),(168,34,2,1,1,11,1,'2015-07-26 00:00:00',1,NULL,NULL),(169,32,2,1,1,13,1,'2015-07-26 00:00:00',1,NULL,NULL),(170,34,2,1,1,15,1,'2015-07-26 00:00:00',1,NULL,NULL),(171,32,2,1,1,16,1,'2015-07-26 00:00:00',1,NULL,NULL),(172,32,2,1,1,18,1,'2015-07-26 00:00:00',1,NULL,NULL),(173,33,2,1,1,18,1,'2015-07-26 00:00:00',1,NULL,NULL),(174,33,2,1,1,19,1,'2015-07-26 00:00:00',1,NULL,NULL),(175,34,2,1,1,20,1,'2015-07-26 00:00:00',1,NULL,NULL),(176,32,2,1,1,21,1,'2015-07-26 00:00:00',1,NULL,NULL),(177,33,2,1,1,22,1,'2015-07-26 00:00:00',1,NULL,NULL),(178,34,2,1,1,23,1,'2015-07-26 00:00:00',1,NULL,NULL),(179,33,2,1,1,23,1,'2015-07-26 00:00:00',1,NULL,NULL),(180,32,2,1,1,24,1,'2015-07-26 00:00:00',1,NULL,NULL),(181,34,2,1,1,24,1,'2015-07-26 00:00:00',1,NULL,NULL),(182,4,2,1,1,1,1,'2015-08-22 18:01:26',4,'2015-08-22 18:01:26',4),(183,4,2,1,1,2,1,'2015-08-22 18:01:26',4,'2015-08-22 18:01:26',4),(184,4,2,1,1,7,1,'2015-08-22 18:01:26',4,'2015-08-22 18:01:26',4),(185,4,2,1,1,10,1,'2015-08-22 18:01:26',4,'2015-08-22 18:01:26',4),(186,4,2,1,1,14,1,'2015-08-22 18:01:26',4,'2015-08-22 18:01:26',4),(187,4,2,1,1,21,1,'2015-08-22 18:01:26',4,'2015-08-22 18:01:26',4),(432,3,2,1,1,1,1,'2015-07-26 00:00:00',1,NULL,NULL),(433,3,2,1,1,2,1,'2015-07-26 00:00:00',1,NULL,NULL),(434,3,2,1,1,7,1,'2015-07-26 00:00:00',1,NULL,NULL),(435,3,2,1,1,10,1,'2015-07-26 00:00:00',1,NULL,NULL),(436,3,2,1,1,15,1,'2015-07-26 00:00:00',1,NULL,NULL),(437,3,2,1,1,16,1,'2015-07-26 00:00:00',1,NULL,NULL),(438,3,2,1,1,20,1,'2015-07-26 00:00:00',1,NULL,NULL),(439,3,2,1,1,23,1,'2015-07-26 00:00:00',1,NULL,NULL),(440,1,2,1,1,1,1,'2015-07-26 00:00:00',1,NULL,NULL),(441,1,2,1,1,2,1,'2015-07-26 00:00:00',1,NULL,NULL),(442,1,2,1,1,7,1,'2015-07-26 00:00:00',1,NULL,NULL),(443,1,2,1,1,10,1,'2015-07-26 00:00:00',1,NULL,NULL),(444,1,2,1,1,15,1,'2015-07-26 00:00:00',1,NULL,NULL),(445,1,2,1,1,16,1,'2015-07-26 00:00:00',1,NULL,NULL),(446,1,2,1,1,20,1,'2015-07-26 00:00:00',1,NULL,NULL),(447,1,2,1,1,23,1,'2015-07-26 00:00:00',1,NULL,NULL),(454,1,2,1,1,3,1,'2015-07-26 00:00:00',1,NULL,NULL),(455,1,2,1,1,4,1,'2015-07-26 00:00:00',1,NULL,NULL),(456,1,2,1,1,5,1,'2015-07-26 00:00:00',1,NULL,NULL),(457,1,2,1,1,12,1,'2015-07-26 00:00:00',1,NULL,NULL),(458,1,2,1,1,14,1,'2015-07-26 00:00:00',1,NULL,NULL),(459,1,2,1,1,19,1,'2015-07-26 00:00:00',1,NULL,NULL),(460,88,2,1,1,1,1,'2015-09-13 14:32:45',88,'2015-09-13 14:32:45',88),(461,88,2,1,1,2,1,'2015-09-13 14:32:45',88,'2015-09-13 14:32:45',88),(462,88,2,1,1,5,1,'2015-09-13 14:32:45',88,'2015-09-13 14:32:45',88);
/*!40000 ALTER TABLE `vempt` ENABLE KEYS */;
UNLOCK TABLES;

--
-- Table structure for table `vgrdt`
--

DROP TABLE IF EXISTS `vgrdt`;
/*!40101 SET @saved_cs_client     = @@character_set_client */;
/*!40101 SET character_set_client = utf8 */;
CREATE TABLE `vgrdt` (
  `VGDID` bigint(16) NOT NULL AUTO_INCREMENT COMMENT 'Vendor General Rule Master ID',
  `CHRID` int(3) NOT NULL COMMENT 'Chr Type ID',
  `UTYID` int(3) NOT NULL COMMENT 'User Type ID',
  `USRID` bigint(16) NOT NULL COMMENT 'User ID',
  `ETCID` int(4) NOT NULL COMMENT 'Entity Category ID',
  `ETYID` int(4) NOT NULL COMMENT 'Entity Type ID',
  `ACTIV` tinyint(1) NOT NULL DEFAULT '1' COMMENT 'ON/OFF',
  `CRTDT` datetime NOT NULL COMMENT 'Created Date',
  `CRTBY` bigint(16) NOT NULL COMMENT 'Created By',
  `CHNDT` datetime DEFAULT NULL COMMENT 'Changed Date',
  `CHNBY` bigint(16) DEFAULT NULL COMMENT 'Changed By',
  `RULID` int(3) NOT NULL COMMENT 'Rule ID',
  `ENTID` int(4) NOT NULL COMMENT 'Entity ID',
  PRIMARY KEY (`VGDID`),
  KEY `CHRID` (`CHRID`),
  KEY `ENTID` (`ENTID`),
  KEY `ETCID` (`ETCID`),
  KEY `ETYID` (`ETYID`),
  KEY `RULID` (`RULID`),
  KEY `USRID` (`USRID`),
  KEY `UTYID` (`UTYID`),
  CONSTRAINT `vgrdt_ibfk_1` FOREIGN KEY (`CHRID`) REFERENCES `chrmt` (`CHRID`),
  CONSTRAINT `vgrdt_ibfk_2` FOREIGN KEY (`ENTID`) REFERENCES `entmt` (`ENTID`),
  CONSTRAINT `vgrdt_ibfk_3` FOREIGN KEY (`ETCID`) REFERENCES `etcmt` (`ETCID`),
  CONSTRAINT `vgrdt_ibfk_4` FOREIGN KEY (`ETYID`) REFERENCES `etymt` (`ETYID`),
  CONSTRAINT `vgrdt_ibfk_5` FOREIGN KEY (`RULID`) REFERENCES `rulmt` (`RULID`),
  CONSTRAINT `vgrdt_ibfk_6` FOREIGN KEY (`USRID`) REFERENCES `usrmt` (`USRID`),
  CONSTRAINT `vgrdt_ibfk_7` FOREIGN KEY (`UTYID`) REFERENCES `utymt` (`UTYID`)
) ENGINE=InnoDB AUTO_INCREMENT=2 DEFAULT CHARSET=latin1 COMMENT='Vendor General Rule Master\r\nThis is the table where general r';
/*!40101 SET character_set_client = @saved_cs_client */;

--
-- Dumping data for table `vgrdt`
--

LOCK TABLES `vgrdt` WRITE;
/*!40000 ALTER TABLE `vgrdt` DISABLE KEYS */;
INSERT INTO `vgrdt` VALUES (1,7,1,32,1,1,1,'0000-00-00 00:00:00',0,NULL,NULL,3,1);
/*!40000 ALTER TABLE `vgrdt` ENABLE KEYS */;
UNLOCK TABLES;

--
-- Table structure for table `vgrmt`
--

DROP TABLE IF EXISTS `vgrmt`;
/*!40101 SET @saved_cs_client     = @@character_set_client */;
/*!40101 SET character_set_client = utf8 */;
CREATE TABLE `vgrmt` (
  `VGRID` bigint(16) NOT NULL AUTO_INCREMENT COMMENT 'Vendor General Rule Master ID',
  `CHRID` int(3) DEFAULT NULL COMMENT 'Chr Type ID',
  `VSUID` bigint(16) DEFAULT NULL COMMENT 'Vendor User ID',
  `VUTID` bigint(16) DEFAULT NULL COMMENT 'Vendor User Type ID',
  `CUSID` bigint(16) DEFAULT NULL COMMENT 'Consumer ID',
  `CUTID` bigint(16) DEFAULT NULL COMMENT 'Custer User Type ID',
  `ACTIV` tinyint(1) NOT NULL DEFAULT '1' COMMENT 'ON/OFF',
  `CRTDT` datetime NOT NULL COMMENT 'Created Date',
  `CRTBY` bigint(16) NOT NULL COMMENT 'Created By',
  `CHNDT` datetime DEFAULT NULL COMMENT 'Changed Date',
  `CHNBY` bigint(16) DEFAULT NULL COMMENT 'Changed By',
  `ENTID` int(4) NOT NULL COMMENT 'Entity ID',
  `RULID` int(3) NOT NULL COMMENT 'Rule ID',
  PRIMARY KEY (`VGRID`),
  KEY `ENTID` (`ENTID`),
  KEY `RULID` (`RULID`),
  CONSTRAINT `vgrmt_ibfk_1` FOREIGN KEY (`ENTID`) REFERENCES `entmt` (`ENTID`),
  CONSTRAINT `vgrmt_ibfk_2` FOREIGN KEY (`RULID`) REFERENCES `rulmt` (`RULID`)
) ENGINE=InnoDB DEFAULT CHARSET=latin1 COMMENT='Vendor Time Rule Master Table\r\nThis is the table where genera';
/*!40101 SET character_set_client = @saved_cs_client */;

--
-- Dumping data for table `vgrmt`
--

LOCK TABLES `vgrmt` WRITE;
/*!40000 ALTER TABLE `vgrmt` DISABLE KEYS */;
/*!40000 ALTER TABLE `vgrmt` ENABLE KEYS */;
UNLOCK TABLES;

--
-- Table structure for table `vrumt`
--

DROP TABLE IF EXISTS `vrumt`;
/*!40101 SET @saved_cs_client     = @@character_set_client */;
/*!40101 SET character_set_client = utf8 */;
CREATE TABLE `vrumt` (
  `VRMID` bigint(16) NOT NULL AUTO_INCREMENT,
  `RULID` int(3) NOT NULL COMMENT 'Rule ID',
  `CRTDT` datetime NOT NULL COMMENT 'Created Date',
  `CRTBY` bigint(16) NOT NULL COMMENT 'Created By',
  `ETYID` int(4) NOT NULL COMMENT 'Entity Type ID',
  `ETCID` int(4) NOT NULL COMMENT 'Entity Category ID',
  `ENTID` int(4) NOT NULL COMMENT 'Entity ID',
  `UTYID` int(3) NOT NULL COMMENT 'User Type ID',
  `USRID` bigint(16) NOT NULL COMMENT 'User ID',
  `ACTIV` tinyint(1) NOT NULL DEFAULT '1' COMMENT 'On/ Off',
  `CHNDT` datetime DEFAULT NULL COMMENT 'Changed Date',
  `CHNBY` bigint(16) DEFAULT NULL COMMENT 'Changed By',
  PRIMARY KEY (`VRMID`),
  KEY `ENTID` (`ENTID`),
  KEY `ETCID` (`ETCID`),
  KEY `ETYID` (`ETYID`),
  KEY `RULID` (`RULID`),
  KEY `USRID` (`USRID`),
  KEY `UTYID` (`UTYID`),
  CONSTRAINT `vrumt_ibfk_1` FOREIGN KEY (`ENTID`) REFERENCES `entmt` (`ENTID`),
  CONSTRAINT `vrumt_ibfk_2` FOREIGN KEY (`ETCID`) REFERENCES `etcmt` (`ETCID`),
  CONSTRAINT `vrumt_ibfk_3` FOREIGN KEY (`ETYID`) REFERENCES `etymt` (`ETYID`),
  CONSTRAINT `vrumt_ibfk_4` FOREIGN KEY (`RULID`) REFERENCES `rulmt` (`RULID`),
  CONSTRAINT `vrumt_ibfk_5` FOREIGN KEY (`USRID`) REFERENCES `usrmt` (`USRID`),
  CONSTRAINT `vrumt_ibfk_6` FOREIGN KEY (`UTYID`) REFERENCES `utymt` (`UTYID`)
) ENGINE=InnoDB AUTO_INCREMENT=183 DEFAULT CHARSET=latin1 COMMENT='Vendor Rules Master Table';
/*!40101 SET character_set_client = @saved_cs_client */;

--
-- Dumping data for table `vrumt`
--

LOCK TABLES `vrumt` WRITE;
/*!40000 ALTER TABLE `vrumt` DISABLE KEYS */;
INSERT INTO `vrumt` VALUES (1,1,'2015-07-26 00:00:00',1,1,1,1,2,4,1,NULL,NULL),(2,1,'2015-07-26 00:00:00',1,1,1,1,2,3,1,'2015-09-13 16:21:04',3),(3,1,'2015-07-26 00:00:00',1,1,1,1,2,1,1,NULL,NULL),(4,1,'2015-07-26 00:00:00',1,1,1,1,2,26,1,NULL,NULL),(5,2,'2015-07-26 00:00:00',1,1,1,2,2,4,1,NULL,NULL),(6,1,'2015-07-26 00:00:00',1,1,1,1,2,24,1,NULL,NULL),(7,1,'2015-07-26 00:00:00',1,1,1,1,2,27,1,NULL,NULL),(8,1,'2015-07-26 00:00:00',1,1,1,2,2,7,1,NULL,NULL),(9,1,'2015-07-26 00:00:00',1,1,1,2,2,4,1,NULL,NULL),(10,1,'2015-07-26 00:00:00',1,1,1,2,2,24,1,NULL,NULL),(11,1,'2015-07-26 00:00:00',1,1,1,2,2,27,1,NULL,NULL),(12,1,'2015-07-26 00:00:00',1,1,1,3,2,6,1,NULL,NULL),(13,1,'2015-07-26 00:00:00',1,1,1,3,2,7,1,NULL,NULL),(14,1,'2015-07-26 00:00:00',1,1,1,3,2,25,1,NULL,NULL),(15,1,'2015-07-26 00:00:00',1,1,1,4,2,5,1,NULL,NULL),(16,1,'2015-07-26 00:00:00',1,1,1,4,2,23,1,NULL,NULL),(17,1,'2015-07-26 00:00:00',1,1,1,4,2,26,1,NULL,NULL),(18,1,'2015-07-26 00:00:00',1,1,1,4,2,27,1,NULL,NULL),(19,1,'2015-07-26 00:00:00',1,1,1,5,2,5,1,NULL,NULL),(20,1,'2015-07-26 00:00:00',1,1,1,5,2,6,1,NULL,NULL),(21,1,'2015-07-26 00:00:00',1,1,1,5,2,1,1,NULL,NULL),(22,1,'2015-07-26 00:00:00',1,1,1,5,2,25,1,NULL,NULL),(24,1,'2015-07-26 00:00:00',1,1,1,6,2,6,1,NULL,NULL),(25,1,'2015-07-26 00:00:00',1,1,1,6,2,23,1,NULL,NULL),(26,1,'2015-07-26 00:00:00',1,1,1,6,2,27,1,NULL,NULL),(27,1,'2015-07-26 00:00:00',1,1,1,7,2,4,1,NULL,NULL),(28,1,'2015-07-26 00:00:00',1,1,1,7,2,1,1,NULL,NULL),(29,1,'2015-07-26 00:00:00',1,1,1,7,2,24,1,NULL,NULL),(30,1,'2015-07-26 00:00:00',1,1,1,7,2,26,1,NULL,NULL),(31,1,'2015-07-26 00:00:00',1,1,1,8,2,5,1,NULL,NULL),(32,1,'2015-07-26 00:00:00',1,1,1,8,2,7,1,NULL,NULL),(33,1,'2015-07-26 00:00:00',1,1,1,8,2,25,1,NULL,NULL),(34,1,'2015-07-26 00:00:00',1,1,1,9,2,5,1,NULL,NULL),(35,1,'2015-07-26 00:00:00',1,1,1,9,2,23,1,NULL,NULL),(36,1,'2015-07-26 00:00:00',1,1,1,9,2,27,1,NULL,NULL),(37,1,'2015-07-26 00:00:00',1,1,1,10,2,23,1,NULL,NULL),(38,1,'2015-07-26 00:00:00',1,1,1,10,2,4,1,NULL,NULL),(39,1,'2015-07-26 00:00:00',1,1,1,10,2,6,1,NULL,NULL),(40,1,'2015-07-26 00:00:00',1,1,1,10,2,24,1,NULL,NULL),(41,1,'2015-07-26 00:00:00',1,1,1,11,2,3,1,NULL,NULL),(42,1,'2015-07-26 00:00:00',1,1,1,11,2,1,1,NULL,NULL),(43,1,'2015-07-26 00:00:00',1,1,1,11,2,26,1,NULL,NULL),(44,1,'2015-07-26 00:00:00',1,1,1,12,2,23,1,NULL,NULL),(45,1,'2015-07-26 00:00:00',1,1,1,12,2,25,1,NULL,NULL),(46,1,'2015-07-26 00:00:00',1,1,1,13,2,3,1,NULL,NULL),(47,1,'2015-07-26 00:00:00',1,1,1,13,2,5,1,NULL,NULL),(48,1,'2015-07-26 00:00:00',1,1,1,13,2,27,1,NULL,NULL),(49,1,'2015-07-26 00:00:00',1,1,1,14,2,1,1,NULL,NULL),(50,1,'2015-07-26 00:00:00',1,1,1,14,2,4,1,NULL,NULL),(51,1,'2015-07-26 00:00:00',1,1,1,14,2,7,1,NULL,NULL),(52,1,'2015-07-26 00:00:00',1,1,1,14,2,26,1,NULL,NULL),(53,1,'2015-07-26 00:00:00',1,1,1,15,2,6,1,NULL,NULL),(54,1,'2015-07-26 00:00:00',1,1,1,15,2,23,1,NULL,NULL),(55,1,'2015-07-26 00:00:00',1,1,1,15,2,24,1,NULL,NULL),(56,1,'2015-07-26 00:00:00',1,1,1,16,2,24,1,NULL,NULL),(57,1,'2015-07-26 00:00:00',1,1,1,16,2,5,1,NULL,NULL),(58,1,'2015-07-26 00:00:00',1,1,1,16,2,1,1,NULL,NULL),(59,1,'2015-07-26 00:00:00',1,1,1,16,2,27,1,NULL,NULL),(60,1,'2015-07-26 00:00:00',1,1,1,17,2,7,1,NULL,NULL),(61,1,'2015-07-26 00:00:00',1,1,1,17,2,25,1,NULL,NULL),(62,1,'2015-07-26 00:00:00',1,1,1,18,2,6,1,NULL,NULL),(63,1,'2015-07-26 00:00:00',1,1,1,18,2,23,1,NULL,NULL),(64,1,'2015-07-26 00:00:00',1,1,1,19,2,3,1,NULL,NULL),(65,1,'2015-07-26 00:00:00',1,1,1,19,2,7,1,NULL,NULL),(66,1,'2015-07-26 00:00:00',1,1,1,19,2,26,1,NULL,NULL),(67,1,'2015-07-26 00:00:00',1,1,1,19,2,27,1,NULL,NULL),(68,1,'2015-07-26 00:00:00',1,1,1,20,2,26,1,NULL,NULL),(69,1,'2015-07-26 00:00:00',1,1,1,20,2,5,1,NULL,NULL),(70,1,'2015-07-26 00:00:00',1,1,1,20,2,1,1,NULL,NULL),(71,1,'2015-07-26 00:00:00',1,1,1,20,2,24,1,NULL,NULL),(72,1,'2015-07-26 00:00:00',1,1,1,21,2,4,1,NULL,NULL),(73,1,'2015-07-26 00:00:00',1,1,1,21,2,7,1,NULL,NULL),(74,1,'2015-07-26 00:00:00',1,1,1,21,2,26,1,NULL,NULL),(75,1,'2015-07-26 00:00:00',1,1,1,22,2,27,1,NULL,NULL),(76,1,'2015-07-26 00:00:00',1,1,1,22,2,6,1,NULL,NULL),(77,1,'2015-07-26 00:00:00',1,1,1,22,2,1,1,NULL,NULL),(78,1,'2015-07-26 00:00:00',1,1,1,22,2,25,1,NULL,NULL),(79,1,'2015-07-26 00:00:00',1,1,1,23,2,5,1,NULL,NULL),(80,1,'2015-07-26 00:00:00',1,1,1,23,2,24,1,NULL,NULL),(81,1,'2015-07-26 00:00:00',1,1,1,23,2,27,1,NULL,NULL),(82,1,'2015-07-26 00:00:00',1,1,1,24,2,25,1,NULL,NULL),(83,1,'2015-07-26 00:00:00',1,1,1,24,2,4,1,NULL,NULL),(84,1,'2015-07-26 00:00:00',1,1,1,24,2,23,1,NULL,NULL),(128,2,'2015-07-26 00:00:00',1,1,1,1,2,29,1,NULL,NULL),(129,2,'2015-07-26 00:00:00',1,1,1,1,2,30,1,NULL,NULL),(130,2,'2015-07-26 00:00:00',1,1,1,2,2,30,1,NULL,NULL),(131,2,'2015-07-26 00:00:00',1,1,1,3,2,29,1,NULL,NULL),(132,2,'2015-07-26 00:00:00',1,1,1,3,2,31,1,NULL,NULL),(133,2,'2015-07-26 00:00:00',1,1,1,4,2,31,1,NULL,NULL),(134,2,'2015-07-26 00:00:00',1,1,1,5,2,28,1,NULL,NULL),(135,2,'2015-07-26 00:00:00',1,1,1,6,2,30,1,NULL,NULL),(136,2,'2015-07-26 00:00:00',1,1,1,8,2,28,1,NULL,NULL),(137,2,'2015-07-26 00:00:00',1,1,1,8,2,31,1,NULL,NULL),(138,2,'2015-07-26 00:00:00',1,1,1,9,2,30,1,NULL,NULL),(139,2,'2015-07-26 00:00:00',1,1,1,10,2,28,1,NULL,NULL),(140,2,'2015-07-26 00:00:00',1,1,1,11,2,31,1,NULL,NULL),(141,2,'2015-07-26 00:00:00',1,1,1,12,2,28,1,NULL,NULL),(142,2,'2015-07-26 00:00:00',1,1,1,12,2,29,1,NULL,NULL),(143,2,'2015-07-26 00:00:00',1,1,1,13,2,29,1,NULL,NULL),(144,2,'2015-07-26 00:00:00',1,1,1,14,2,30,1,NULL,NULL),(145,2,'2015-07-26 00:00:00',1,1,1,15,2,30,1,NULL,NULL),(146,2,'2015-07-26 00:00:00',1,1,1,15,2,29,1,NULL,NULL),(147,2,'2015-07-26 00:00:00',1,1,1,17,2,31,1,NULL,NULL),(148,2,'2015-07-26 00:00:00',1,1,1,17,2,28,1,NULL,NULL),(149,2,'2015-07-26 00:00:00',1,1,1,18,2,30,1,NULL,NULL),(150,2,'2015-07-26 00:00:00',1,1,1,19,2,31,1,NULL,NULL),(151,2,'2015-07-26 00:00:00',1,1,1,20,2,28,1,NULL,NULL),(152,2,'2015-07-26 00:00:00',1,1,1,21,2,29,1,NULL,NULL),(153,2,'2015-07-26 00:00:00',1,1,1,22,2,28,1,NULL,NULL),(154,2,'2015-07-26 00:00:00',1,1,1,23,2,30,1,NULL,NULL),(155,2,'2015-07-26 00:00:00',1,1,1,24,2,28,1,NULL,NULL),(156,2,'2015-07-26 00:00:00',1,1,1,24,2,31,1,NULL,NULL),(159,3,'2015-07-26 00:00:00',1,1,1,1,2,34,1,NULL,NULL),(160,3,'2015-07-26 00:00:00',1,1,1,1,2,32,1,NULL,NULL),(161,3,'2015-07-26 00:00:00',1,1,1,2,2,32,1,NULL,NULL),(162,3,'2015-07-26 00:00:00',1,1,1,3,2,33,1,NULL,NULL),(163,3,'2015-07-26 00:00:00',1,1,1,5,2,34,1,NULL,NULL),(164,3,'2015-07-26 00:00:00',1,1,1,6,2,32,1,NULL,NULL),(165,3,'2015-07-26 00:00:00',1,1,1,7,2,32,1,NULL,NULL),(166,3,'2015-07-26 00:00:00',1,1,1,9,2,32,1,NULL,NULL),(167,3,'2015-07-26 00:00:00',1,1,1,9,2,33,1,NULL,NULL),(168,3,'2015-07-26 00:00:00',1,1,1,11,2,34,1,NULL,NULL),(169,3,'2015-07-26 00:00:00',1,1,1,13,2,32,1,NULL,NULL),(170,3,'2015-07-26 00:00:00',1,1,1,15,2,34,1,NULL,NULL),(171,3,'2015-07-26 00:00:00',1,1,1,16,2,32,1,NULL,NULL),(172,3,'2015-07-26 00:00:00',1,1,1,18,2,32,1,NULL,NULL),(173,3,'2015-07-26 00:00:00',1,1,1,18,2,33,1,NULL,NULL),(174,3,'2015-07-26 00:00:00',1,1,1,19,2,33,1,NULL,NULL),(175,3,'2015-07-26 00:00:00',1,1,1,20,2,34,1,NULL,NULL),(176,3,'2015-07-26 00:00:00',1,1,1,21,2,32,1,NULL,NULL),(177,3,'2015-07-26 00:00:00',1,1,1,22,2,33,1,NULL,NULL),(178,3,'2015-07-26 00:00:00',1,1,1,23,2,34,1,NULL,NULL),(179,3,'2015-07-26 00:00:00',1,1,1,23,2,33,1,NULL,NULL),(180,3,'2015-07-26 00:00:00',1,1,1,24,2,32,1,NULL,NULL),(181,3,'2015-07-26 00:00:00',1,1,1,24,2,34,1,NULL,NULL),(182,1,'2015-09-13 15:17:34',88,1,1,1,2,88,1,'2015-09-13 15:17:34',88);
/*!40000 ALTER TABLE `vrumt` ENABLE KEYS */;
UNLOCK TABLES;

--
-- Table structure for table `vtrdt`
--

DROP TABLE IF EXISTS `vtrdt`;
/*!40101 SET @saved_cs_client     = @@character_set_client */;
/*!40101 SET character_set_client = utf8 */;
CREATE TABLE `vtrdt` (
  `VTRID` bigint(16) NOT NULL COMMENT 'Vendor Rule Master ID',
  `UTYID` int(3) NOT NULL COMMENT 'User Type ID',
  `USRID` bigint(16) NOT NULL COMMENT 'User ID',
  `ENTID` int(4) NOT NULL COMMENT 'Entity ID',
  `ETCID` int(4) NOT NULL COMMENT 'Entity Category ID',
  `ETYID` int(4) NOT NULL COMMENT 'Entity Type ID',
  `RULID` int(3) NOT NULL COMMENT 'Rule ID',
  `DSTIM` time DEFAULT NULL COMMENT 'Day Start Time',
  `DETIM` time DEFAULT NULL COMMENT 'Day End Time',
  `TIMZN` char(6) DEFAULT NULL COMMENT 'TIme Zone',
  `OSTSL` time DEFAULT NULL COMMENT 'Offer Start Time Slot',
  `OETSL` time DEFAULT NULL COMMENT 'Offer End Time Slot',
  `RECUR` tinyint(1) DEFAULT NULL,
  `DAYS` varchar(45) DEFAULT NULL,
  `DESCR` varchar(200) DEFAULT NULL,
  `ACTIV` tinyint(1) DEFAULT '1' COMMENT 'Active FlagTrue / False',
  `CRTDT` datetime NOT NULL COMMENT 'Created Date',
  `CRTBY` bigint(16) NOT NULL COMMENT 'Created By',
  `CHNDT` datetime DEFAULT NULL COMMENT 'Changed Date',
  `CHNBY` bigint(16) DEFAULT NULL COMMENT 'Changed By',
  PRIMARY KEY (`VTRID`),
  KEY `ENTID` (`ENTID`),
  KEY `ETCID` (`ETCID`),
  KEY `ETYID` (`ETYID`),
  KEY `RULID` (`RULID`),
  KEY `USRID` (`USRID`),
  KEY `UTYID` (`UTYID`),
  CONSTRAINT `vtrdt_ibfk_1` FOREIGN KEY (`ENTID`) REFERENCES `entmt` (`ENTID`),
  CONSTRAINT `vtrdt_ibfk_2` FOREIGN KEY (`ETCID`) REFERENCES `etcmt` (`ETCID`),
  CONSTRAINT `vtrdt_ibfk_3` FOREIGN KEY (`ETYID`) REFERENCES `etymt` (`ETYID`),
  CONSTRAINT `vtrdt_ibfk_4` FOREIGN KEY (`RULID`) REFERENCES `rulmt` (`RULID`),
  CONSTRAINT `vtrdt_ibfk_5` FOREIGN KEY (`USRID`) REFERENCES `usrmt` (`USRID`),
  CONSTRAINT `vtrdt_ibfk_6` FOREIGN KEY (`UTYID`) REFERENCES `utymt` (`UTYID`)
) ENGINE=InnoDB DEFAULT CHARSET=latin1 COMMENT='Vendor Time Rule Master Table\r\nThis is the table where time r';
/*!40101 SET character_set_client = @saved_cs_client */;

--
-- Dumping data for table `vtrdt`
--

LOCK TABLES `vtrdt` WRITE;
/*!40000 ALTER TABLE `vtrdt` DISABLE KEYS */;
INSERT INTO `vtrdt` VALUES (1,2,3,1,1,1,1,'07:00:00','19:00:00','IST','07:00:00','07:30:00',1,'1,2,3,4,5','Weekdays 7am to 7pm',1,'2015-08-08 00:00:00',3,'2015-08-08 00:00:00',3),(2,2,3,1,1,1,1,'07:00:00','19:00:00','IST','07:00:00','07:30:00',1,'6','Saturday 10am to 4pm',1,'2015-08-08 00:00:00',0,'2015-08-08 00:00:00',3),(9,2,4,1,1,1,1,'07:00:00','19:00:00','IST','07:00:00','07:30:00',1,'1,2,3,4,5','Weekdays 7am to 7pm',1,'2015-08-08 00:00:00',3,'2015-08-08 00:00:00',3),(10,2,4,1,1,1,1,'07:00:00','19:00:00','IST','07:00:00','07:30:00',1,'6','Saturday 10am to 4pm',1,'2015-08-08 00:00:00',0,'2015-08-08 00:00:00',3),(11,2,4,13,1,1,1,'07:00:00','19:00:00','IST','07:00:00','07:30:00',1,'1,2,3,4,5','Weekdays 7am to 7pm',1,'2015-08-08 00:00:00',0,'2015-08-08 00:00:00',3),(12,2,4,13,1,1,1,'07:00:00','19:00:00','IST','07:00:00','07:30:00',1,'6','Saturday 10am to 4pm',1,'2015-08-08 00:00:00',0,'2015-08-08 00:00:00',3),(13,2,4,6,1,1,1,'07:00:00','19:00:00','IST','07:00:00','07:30:00',1,'1,2,3,4,5,6,7','All days',1,'2015-08-08 00:00:00',0,'2015-08-08 00:00:00',3),(14,2,4,11,1,1,1,'07:00:00','19:00:00','IST','07:00:00','07:30:00',1,'1,2,3,4,5,6,7','All days',1,'2015-08-08 00:00:00',0,'2015-08-08 00:00:00',3),(15,2,4,1,1,1,1,'07:00:00','19:00:00','IST','07:00:00','07:30:00',1,'1,2,3,4,5','from service Weekdays 7am to 7pm',1,'2015-08-08 00:00:00',3,'2015-08-08 00:00:00',3),(16,2,4,1,1,1,1,'07:00:00','19:00:00','IST','07:00:00','07:30:00',1,'1,2,3,4,5','from service Weekdays 7am to 7pm',1,'2015-08-08 00:00:00',3,'2015-08-08 00:00:00',3),(17,2,5,1,1,1,1,'07:00:00','19:00:00','IST','07:00:00','07:30:00',1,'1,2,3,4,5','Weekdays 7am to 7pm',1,'2015-08-08 00:00:00',3,'2015-08-08 00:00:00',3),(18,2,5,1,1,1,1,'07:00:00','19:00:00','IST','07:00:00','07:30:00',1,'6','Saturday 10am to 4pm',1,'2015-08-08 00:00:00',0,'2015-08-08 00:00:00',3),(19,2,5,13,1,1,1,'07:00:00','19:00:00','IST','07:00:00','07:30:00',1,'1,2,3,4,5','Weekdays 7am to 7pm',1,'2015-08-08 00:00:00',0,'2015-08-08 00:00:00',3),(20,2,5,13,1,1,1,'07:00:00','19:00:00','IST','07:00:00','07:30:00',1,'6','Saturday 10am to 4pm',1,'2015-08-08 00:00:00',0,'2015-08-08 00:00:00',3),(21,2,5,6,1,1,1,'07:00:00','19:00:00','IST','07:00:00','07:30:00',1,'1,2,3,4,5,6,7','All days',1,'2015-08-08 00:00:00',0,'2015-08-08 00:00:00',3),(22,2,5,11,1,1,1,'07:00:00','19:00:00','IST','07:00:00','07:30:00',1,'1,2,3,4,5,6,7','All days',1,'2015-08-08 00:00:00',0,'2015-08-08 00:00:00',3),(23,2,5,1,1,1,1,'07:00:00','19:00:00','IST','07:00:00','07:30:00',1,'1,2,3,4,5','from service Weekdays 7am to 7pm',1,'2015-08-08 00:00:00',3,'2015-08-08 00:00:00',3),(24,2,5,1,1,1,1,'07:00:00','19:00:00','IST','07:00:00','07:30:00',1,'1,2,3,4,5','from service Weekdays 7am to 7pm',1,'2015-08-08 00:00:00',3,'2015-08-08 00:00:00',3),(25,2,6,1,1,1,1,'07:00:00','19:00:00','IST','07:00:00','07:30:00',1,'1,2,3,4,5','Weekdays 7am to 7pm',1,'2015-08-08 00:00:00',3,'2015-08-08 00:00:00',3),(26,2,6,1,1,1,1,'07:00:00','19:00:00','IST','07:00:00','07:30:00',1,'6','Saturday 10am to 4pm',1,'2015-08-08 00:00:00',0,'2015-08-08 00:00:00',3),(27,2,6,13,1,1,1,'07:00:00','19:00:00','IST','07:00:00','07:30:00',1,'1,2,3,4,5','Weekdays 7am to 7pm',1,'2015-08-08 00:00:00',0,'2015-08-08 00:00:00',3),(28,2,6,13,1,1,1,'07:00:00','19:00:00','IST','07:00:00','07:30:00',1,'6','Saturday 10am to 4pm',1,'2015-08-08 00:00:00',0,'2015-08-08 00:00:00',3),(29,2,6,6,1,1,1,'07:00:00','19:00:00','IST','07:00:00','07:30:00',1,'1,2,3,4,5,6,7','All days',1,'2015-08-08 00:00:00',0,'2015-08-08 00:00:00',3),(30,2,6,11,1,1,1,'07:00:00','19:00:00','IST','07:00:00','07:30:00',1,'1,2,3,4,5,6,7','All days',1,'2015-08-08 00:00:00',0,'2015-08-08 00:00:00',3),(31,2,6,1,1,1,1,'07:00:00','19:00:00','IST','07:00:00','07:30:00',1,'1,2,3,4,5','from service Weekdays 7am to 7pm',1,'2015-08-08 00:00:00',3,'2015-08-08 00:00:00',3),(32,2,6,1,1,1,1,'07:00:00','19:00:00','IST','07:00:00','07:30:00',1,'1,2,3,4,5','from service Weekdays 7am to 7pm',1,'2015-08-08 00:00:00',3,'2015-08-08 00:00:00',3),(33,2,7,1,1,1,1,'07:00:00','19:00:00','IST','07:00:00','07:30:00',1,'1,2,3,4,5','Weekdays 7am to 7pm',1,'2015-08-08 00:00:00',3,'2015-08-08 00:00:00',3),(34,2,7,1,1,1,1,'07:00:00','19:00:00','IST','07:00:00','07:30:00',1,'6','Saturday 10am to 4pm',1,'2015-08-08 00:00:00',0,'2015-08-08 00:00:00',3),(35,2,7,13,1,1,1,'07:00:00','19:00:00','IST','07:00:00','07:30:00',1,'1,2,3,4,5','Weekdays 7am to 7pm',1,'2015-08-08 00:00:00',0,'2015-08-08 00:00:00',3),(36,2,7,13,1,1,1,'07:00:00','19:00:00','IST','07:00:00','07:30:00',1,'6','Saturday 10am to 4pm',1,'2015-08-08 00:00:00',0,'2015-08-08 00:00:00',3),(37,2,7,6,1,1,1,'07:00:00','19:00:00','IST','07:00:00','07:30:00',1,'1,2,3,4,5,6,7','All days',1,'2015-08-08 00:00:00',0,'2015-08-08 00:00:00',3),(38,2,7,11,1,1,1,'07:00:00','19:00:00','IST','07:00:00','07:30:00',1,'1,2,3,4,5,6,7','All days',1,'2015-08-08 00:00:00',0,'2015-08-08 00:00:00',3),(39,2,7,1,1,1,1,'07:00:00','19:00:00','IST','07:00:00','07:30:00',1,'1,2,3,4,5','from service Weekdays 7am to 7pm',1,'2015-08-08 00:00:00',3,'2015-08-08 00:00:00',3),(40,2,7,1,1,1,1,'07:00:00','19:00:00','IST','07:00:00','07:30:00',1,'1,2,3,4,5','from service Weekdays 7am to 7pm',1,'2015-08-08 00:00:00',3,'2015-08-08 00:00:00',3),(41,2,8,1,1,1,1,'07:00:00','19:00:00','IST','07:00:00','07:30:00',1,'1,2,3,4,5','Weekdays 7am to 7pm',1,'2015-08-08 00:00:00',3,'2015-08-08 00:00:00',3),(42,2,8,1,1,1,1,'07:00:00','19:00:00','IST','07:00:00','07:30:00',1,'6','Saturday 10am to 4pm',1,'2015-08-08 00:00:00',0,'2015-08-08 00:00:00',3),(43,2,8,13,1,1,1,'07:00:00','19:00:00','IST','07:00:00','07:30:00',1,'1,2,3,4,5','Weekdays 7am to 7pm',1,'2015-08-08 00:00:00',0,'2015-08-08 00:00:00',3),(44,2,8,13,1,1,1,'07:00:00','19:00:00','IST','07:00:00','07:30:00',1,'6','Saturday 10am to 4pm',1,'2015-08-08 00:00:00',0,'2015-08-08 00:00:00',3),(45,2,8,6,1,1,1,'07:00:00','19:00:00','IST','07:00:00','07:30:00',1,'1,2,3,4,5,6,7','All days',1,'2015-08-08 00:00:00',0,'2015-08-08 00:00:00',3),(46,2,8,11,1,1,1,'07:00:00','19:00:00','IST','07:00:00','07:30:00',1,'1,2,3,4,5,6,7','All days',1,'2015-08-08 00:00:00',0,'2015-08-08 00:00:00',3),(47,2,8,1,1,1,1,'07:00:00','19:00:00','IST','07:00:00','07:30:00',1,'1,2,3,4,5','from service Weekdays 7am to 7pm',1,'2015-08-08 00:00:00',3,'2015-08-08 00:00:00',3),(48,2,8,1,1,1,1,'07:00:00','19:00:00','IST','07:00:00','07:30:00',1,'1,2,3,4,5','from service Weekdays 7am to 7pm',1,'2015-08-08 00:00:00',3,'2015-08-08 00:00:00',3),(49,2,23,1,1,1,1,'07:00:00','19:00:00','IST','07:00:00','07:30:00',1,'1,2,3,4,5','Weekdays 7am to 7pm',1,'2015-08-08 00:00:00',3,'2015-08-08 00:00:00',3),(50,2,23,1,1,1,1,'07:00:00','19:00:00','IST','07:00:00','07:30:00',1,'6','Saturday 10am to 4pm',1,'2015-08-08 00:00:00',0,'2015-08-08 00:00:00',3),(51,2,23,13,1,1,1,'07:00:00','19:00:00','IST','07:00:00','07:30:00',1,'1,2,3,4,5','Weekdays 7am to 7pm',1,'2015-08-08 00:00:00',0,'2015-08-08 00:00:00',3),(52,2,23,13,1,1,1,'07:00:00','19:00:00','IST','07:00:00','07:30:00',1,'6','Saturday 10am to 4pm',1,'2015-08-08 00:00:00',0,'2015-08-08 00:00:00',3),(53,2,23,6,1,1,1,'07:00:00','19:00:00','IST','07:00:00','07:30:00',1,'1,2,3,4,5,6,7','All days',1,'2015-08-08 00:00:00',0,'2015-08-08 00:00:00',3),(54,2,23,11,1,1,1,'07:00:00','19:00:00','IST','07:00:00','07:30:00',1,'1,2,3,4,5,6,7','All days',1,'2015-08-08 00:00:00',0,'2015-08-08 00:00:00',3),(55,2,23,1,1,1,1,'07:00:00','19:00:00','IST','07:00:00','07:30:00',1,'1,2,3,4,5','from service Weekdays 7am to 7pm',1,'2015-08-08 00:00:00',3,'2015-08-08 00:00:00',3),(56,2,23,1,1,1,1,'07:00:00','19:00:00','IST','07:00:00','07:30:00',1,'1,2,3,4,5','from service Weekdays 7am to 7pm',1,'2015-08-08 00:00:00',3,'2015-08-08 00:00:00',3),(57,2,24,1,1,1,1,'07:00:00','19:00:00','IST','07:00:00','07:30:00',1,'1,2,3,4,5','Weekdays 7am to 7pm',1,'2015-08-08 00:00:00',3,'2015-08-08 00:00:00',3),(58,2,24,1,1,1,1,'07:00:00','19:00:00','IST','07:00:00','07:30:00',1,'6','Saturday 10am to 4pm',1,'2015-08-08 00:00:00',0,'2015-08-08 00:00:00',3),(59,2,24,13,1,1,1,'07:00:00','19:00:00','IST','07:00:00','07:30:00',1,'1,2,3,4,5','Weekdays 7am to 7pm',1,'2015-08-08 00:00:00',0,'2015-08-08 00:00:00',3),(60,2,24,13,1,1,1,'07:00:00','19:00:00','IST','07:00:00','07:30:00',1,'6','Saturday 10am to 4pm',1,'2015-08-08 00:00:00',0,'2015-08-08 00:00:00',3),(61,2,24,6,1,1,1,'07:00:00','19:00:00','IST','07:00:00','07:30:00',1,'1,2,3,4,5,6,7','All days',1,'2015-08-08 00:00:00',0,'2015-08-08 00:00:00',3),(62,2,24,11,1,1,1,'07:00:00','19:00:00','IST','07:00:00','07:30:00',1,'1,2,3,4,5,6,7','All days',1,'2015-08-08 00:00:00',0,'2015-08-08 00:00:00',3),(63,2,24,1,1,1,1,'07:00:00','19:00:00','IST','07:00:00','07:30:00',1,'1,2,3,4,5','from service Weekdays 7am to 7pm',1,'2015-08-08 00:00:00',3,'2015-08-08 00:00:00',3),(64,2,24,1,1,1,1,'07:00:00','19:00:00','IST','07:00:00','07:30:00',1,'1,2,3,4,5','from service Weekdays 7am to 7pm',1,'2015-08-08 00:00:00',3,'2015-08-08 00:00:00',3),(65,2,25,1,1,1,1,'07:00:00','19:00:00','IST','07:00:00','07:30:00',1,'1,2,3,4,5','Weekdays 7am to 7pm',1,'2015-08-08 00:00:00',3,'2015-08-08 00:00:00',3),(66,2,25,1,1,1,1,'07:00:00','19:00:00','IST','07:00:00','07:30:00',1,'6','Saturday 10am to 4pm',1,'2015-08-08 00:00:00',0,'2015-08-08 00:00:00',3),(67,2,25,13,1,1,1,'07:00:00','19:00:00','IST','07:00:00','07:30:00',1,'1,2,3,4,5','Weekdays 7am to 7pm',1,'2015-08-08 00:00:00',0,'2015-08-08 00:00:00',3),(68,2,25,13,1,1,1,'07:00:00','19:00:00','IST','07:00:00','07:30:00',1,'6','Saturday 10am to 4pm',1,'2015-08-08 00:00:00',0,'2015-08-08 00:00:00',3),(69,2,25,6,1,1,1,'07:00:00','19:00:00','IST','07:00:00','07:30:00',1,'1,2,3,4,5,6,7','All days',1,'2015-08-08 00:00:00',0,'2015-08-08 00:00:00',3),(70,2,25,11,1,1,1,'07:00:00','19:00:00','IST','07:00:00','07:30:00',1,'1,2,3,4,5,6,7','All days',1,'2015-08-08 00:00:00',0,'2015-08-08 00:00:00',3),(71,2,25,1,1,1,1,'07:00:00','19:00:00','IST','07:00:00','07:30:00',1,'1,2,3,4,5','from service Weekdays 7am to 7pm',1,'2015-08-08 00:00:00',3,'2015-08-08 00:00:00',3),(72,2,25,1,1,1,1,'07:00:00','19:00:00','IST','07:00:00','07:30:00',1,'1,2,3,4,5','from service Weekdays 7am to 7pm',1,'2015-08-08 00:00:00',3,'2015-08-08 00:00:00',3),(73,2,26,1,1,1,1,'07:00:00','19:00:00','IST','07:00:00','07:30:00',1,'1,2,3,4,5','Weekdays 7am to 7pm',1,'2015-08-08 00:00:00',3,'2015-08-08 00:00:00',3),(74,2,26,1,1,1,1,'07:00:00','19:00:00','IST','07:00:00','07:30:00',1,'6','Saturday 10am to 4pm',1,'2015-08-08 00:00:00',0,'2015-08-08 00:00:00',3),(75,2,26,13,1,1,1,'07:00:00','19:00:00','IST','07:00:00','07:30:00',1,'1,2,3,4,5','Weekdays 7am to 7pm',1,'2015-08-08 00:00:00',0,'2015-08-08 00:00:00',3),(76,2,26,13,1,1,1,'07:00:00','19:00:00','IST','07:00:00','07:30:00',1,'6','Saturday 10am to 4pm',1,'2015-08-08 00:00:00',0,'2015-08-08 00:00:00',3),(77,2,26,6,1,1,1,'07:00:00','19:00:00','IST','07:00:00','07:30:00',1,'1,2,3,4,5,6,7','All days',1,'2015-08-08 00:00:00',0,'2015-08-08 00:00:00',3),(78,2,26,11,1,1,1,'07:00:00','19:00:00','IST','07:00:00','07:30:00',1,'1,2,3,4,5,6,7','All days',1,'2015-08-08 00:00:00',0,'2015-08-08 00:00:00',3),(79,2,26,1,1,1,1,'07:00:00','19:00:00','IST','07:00:00','07:30:00',1,'1,2,3,4,5','from service Weekdays 7am to 7pm',1,'2015-08-08 00:00:00',3,'2015-08-08 00:00:00',3),(80,2,26,1,1,1,1,'07:00:00','19:00:00','IST','07:00:00','07:30:00',1,'1,2,3,4,5','from service Weekdays 7am to 7pm',1,'2015-08-08 00:00:00',3,'2015-08-08 00:00:00',3),(81,2,27,1,1,1,1,'07:00:00','19:00:00','IST','07:00:00','07:30:00',1,'1,2,3,4,5','Weekdays 7am to 7pm',1,'2015-08-08 00:00:00',3,'2015-08-08 00:00:00',3),(82,2,27,1,1,1,1,'07:00:00','19:00:00','IST','07:00:00','07:30:00',1,'6','Saturday 10am to 4pm',1,'2015-08-08 00:00:00',0,'2015-08-08 00:00:00',3),(83,2,27,13,1,1,1,'07:00:00','19:00:00','IST','07:00:00','07:30:00',1,'1,2,3,4,5','Weekdays 7am to 7pm',1,'2015-08-08 00:00:00',0,'2015-08-08 00:00:00',3),(84,2,27,13,1,1,1,'07:00:00','19:00:00','IST','07:00:00','07:30:00',1,'6','Saturday 10am to 4pm',1,'2015-08-08 00:00:00',0,'2015-08-08 00:00:00',3),(85,2,27,6,1,1,1,'07:00:00','19:00:00','IST','07:00:00','07:30:00',1,'1,2,3,4,5,6,7','All days',1,'2015-08-08 00:00:00',0,'2015-08-08 00:00:00',3),(86,2,27,11,1,1,1,'07:00:00','19:00:00','IST','07:00:00','07:30:00',1,'1,2,3,4,5,6,7','All days',1,'2015-08-08 00:00:00',0,'2015-08-08 00:00:00',3),(87,2,27,1,1,1,1,'07:00:00','19:00:00','IST','07:00:00','07:30:00',1,'1,2,3,4,5','from service Weekdays 7am to 7pm',1,'2015-08-08 00:00:00',3,'2015-08-08 00:00:00',3),(88,2,27,1,1,1,1,'07:00:00','19:00:00','IST','07:00:00','07:30:00',1,'1,2,3,4,5','from service Weekdays 7am to 7pm',1,'2015-08-08 00:00:00',3,'2015-08-08 00:00:00',3),(89,2,28,1,1,1,1,'07:00:00','19:00:00','IST','07:00:00','07:30:00',1,'1,2,3,4,5','Weekdays 7am to 7pm',1,'2015-08-08 00:00:00',3,'2015-08-08 00:00:00',3),(90,2,28,1,1,1,1,'07:00:00','19:00:00','IST','07:00:00','07:30:00',1,'6','Saturday 10am to 4pm',1,'2015-08-08 00:00:00',0,'2015-08-08 00:00:00',3),(91,2,28,13,1,1,1,'07:00:00','19:00:00','IST','07:00:00','07:30:00',1,'1,2,3,4,5','Weekdays 7am to 7pm',1,'2015-08-08 00:00:00',0,'2015-08-08 00:00:00',3),(92,2,28,13,1,1,1,'07:00:00','19:00:00','IST','07:00:00','07:30:00',1,'6','Saturday 10am to 4pm',1,'2015-08-08 00:00:00',0,'2015-08-08 00:00:00',3),(93,2,28,6,1,1,1,'07:00:00','19:00:00','IST','07:00:00','07:30:00',1,'1,2,3,4,5,6,7','All days',1,'2015-08-08 00:00:00',0,'2015-08-08 00:00:00',3),(94,2,28,11,1,1,1,'07:00:00','19:00:00','IST','07:00:00','07:30:00',1,'1,2,3,4,5,6,7','All days',1,'2015-08-08 00:00:00',0,'2015-08-08 00:00:00',3),(95,2,28,1,1,1,1,'07:00:00','19:00:00','IST','07:00:00','07:30:00',1,'1,2,3,4,5','from service Weekdays 7am to 7pm',1,'2015-08-08 00:00:00',3,'2015-08-08 00:00:00',3),(96,2,28,1,1,1,1,'07:00:00','19:00:00','IST','07:00:00','07:30:00',1,'1,2,3,4,5','from service Weekdays 7am to 7pm',1,'2015-08-08 00:00:00',3,'2015-08-08 00:00:00',3),(97,2,29,1,1,1,1,'07:00:00','19:00:00','IST','07:00:00','07:30:00',1,'1,2,3,4,5','Weekdays 7am to 7pm',1,'2015-08-08 00:00:00',3,'2015-08-08 00:00:00',3),(98,2,29,1,1,1,1,'07:00:00','19:00:00','IST','07:00:00','07:30:00',1,'6','Saturday 10am to 4pm',1,'2015-08-08 00:00:00',0,'2015-08-08 00:00:00',3),(99,2,29,13,1,1,1,'07:00:00','19:00:00','IST','07:00:00','07:30:00',1,'1,2,3,4,5','Weekdays 7am to 7pm',1,'2015-08-08 00:00:00',0,'2015-08-08 00:00:00',3),(100,2,29,13,1,1,1,'07:00:00','19:00:00','IST','07:00:00','07:30:00',1,'6','Saturday 10am to 4pm',1,'2015-08-08 00:00:00',0,'2015-08-08 00:00:00',3),(101,2,29,6,1,1,1,'07:00:00','19:00:00','IST','07:00:00','07:30:00',1,'1,2,3,4,5,6,7','All days',1,'2015-08-08 00:00:00',0,'2015-08-08 00:00:00',3),(102,2,29,11,1,1,1,'07:00:00','19:00:00','IST','07:00:00','07:30:00',1,'1,2,3,4,5,6,7','All days',1,'2015-08-08 00:00:00',0,'2015-08-08 00:00:00',3),(103,2,29,1,1,1,1,'07:00:00','19:00:00','IST','07:00:00','07:30:00',1,'1,2,3,4,5','from service Weekdays 7am to 7pm',1,'2015-08-08 00:00:00',3,'2015-08-08 00:00:00',3),(104,2,29,1,1,1,1,'07:00:00','19:00:00','IST','07:00:00','07:30:00',1,'1,2,3,4,5','from service Weekdays 7am to 7pm',1,'2015-08-08 00:00:00',3,'2015-08-08 00:00:00',3),(105,2,30,1,1,1,1,'07:00:00','19:00:00','IST','07:00:00','07:30:00',1,'1,2,3,4,5','Weekdays 7am to 7pm',1,'2015-08-08 00:00:00',3,'2015-08-08 00:00:00',3),(106,2,30,1,1,1,1,'07:00:00','19:00:00','IST','07:00:00','07:30:00',1,'6','Saturday 10am to 4pm',1,'2015-08-08 00:00:00',0,'2015-08-08 00:00:00',3),(107,2,30,13,1,1,1,'07:00:00','19:00:00','IST','07:00:00','07:30:00',1,'1,2,3,4,5','Weekdays 7am to 7pm',1,'2015-08-08 00:00:00',0,'2015-08-08 00:00:00',3),(108,2,30,13,1,1,1,'07:00:00','19:00:00','IST','07:00:00','07:30:00',1,'6','Saturday 10am to 4pm',1,'2015-08-08 00:00:00',0,'2015-08-08 00:00:00',3),(109,2,30,6,1,1,1,'07:00:00','19:00:00','IST','07:00:00','07:30:00',1,'1,2,3,4,5,6,7','All days',1,'2015-08-08 00:00:00',0,'2015-08-08 00:00:00',3),(110,2,30,11,1,1,1,'07:00:00','19:00:00','IST','07:00:00','07:30:00',1,'1,2,3,4,5,6,7','All days',1,'2015-08-08 00:00:00',0,'2015-08-08 00:00:00',3),(111,2,30,1,1,1,1,'07:00:00','19:00:00','IST','07:00:00','07:30:00',1,'1,2,3,4,5','from service Weekdays 7am to 7pm',1,'2015-08-08 00:00:00',3,'2015-08-08 00:00:00',3),(112,2,30,1,1,1,1,'07:00:00','19:00:00','IST','07:00:00','07:30:00',1,'1,2,3,4,5','from service Weekdays 7am to 7pm',1,'2015-08-08 00:00:00',3,'2015-08-08 00:00:00',3),(113,2,31,1,1,1,1,'07:00:00','19:00:00','IST','07:00:00','07:30:00',1,'1,2,3,4,5','Weekdays 7am to 7pm',1,'2015-08-08 00:00:00',3,'2015-08-08 00:00:00',3),(114,2,31,1,1,1,1,'07:00:00','19:00:00','IST','07:00:00','07:30:00',1,'6','Saturday 10am to 4pm',1,'2015-08-08 00:00:00',0,'2015-08-08 00:00:00',3),(115,2,31,13,1,1,1,'07:00:00','19:00:00','IST','07:00:00','07:30:00',1,'1,2,3,4,5','Weekdays 7am to 7pm',1,'2015-08-08 00:00:00',0,'2015-08-08 00:00:00',3),(116,2,31,13,1,1,1,'07:00:00','19:00:00','IST','07:00:00','07:30:00',1,'6','Saturday 10am to 4pm',1,'2015-08-08 00:00:00',0,'2015-08-08 00:00:00',3),(117,2,31,6,1,1,1,'07:00:00','19:00:00','IST','07:00:00','07:30:00',1,'1,2,3,4,5,6,7','All days',1,'2015-08-08 00:00:00',0,'2015-08-08 00:00:00',3),(118,2,31,11,1,1,1,'07:00:00','19:00:00','IST','07:00:00','07:30:00',1,'1,2,3,4,5,6,7','All days',1,'2015-08-08 00:00:00',0,'2015-08-08 00:00:00',3),(119,2,31,1,1,1,1,'07:00:00','19:00:00','IST','07:00:00','07:30:00',1,'1,2,3,4,5','from service Weekdays 7am to 7pm',1,'2015-08-08 00:00:00',3,'2015-08-08 00:00:00',3),(120,2,31,1,1,1,1,'07:00:00','19:00:00','IST','07:00:00','07:30:00',1,'1,2,3,4,5','from service Weekdays 7am to 7pm',1,'2015-08-08 00:00:00',3,'2015-08-08 00:00:00',3),(121,2,32,1,1,1,1,'07:00:00','19:00:00','IST','07:00:00','07:30:00',1,'1,2,3,4,5','Weekdays 7am to 7pm',1,'2015-08-08 00:00:00',3,'2015-08-08 00:00:00',3),(122,2,32,1,1,1,1,'07:00:00','19:00:00','IST','07:00:00','07:30:00',1,'6','Saturday 10am to 4pm',1,'2015-08-08 00:00:00',0,'2015-08-08 00:00:00',3),(123,2,32,13,1,1,1,'07:00:00','19:00:00','IST','07:00:00','07:30:00',1,'1,2,3,4,5','Weekdays 7am to 7pm',1,'2015-08-08 00:00:00',0,'2015-08-08 00:00:00',3),(124,2,32,13,1,1,1,'07:00:00','19:00:00','IST','07:00:00','07:30:00',1,'6','Saturday 10am to 4pm',1,'2015-08-08 00:00:00',0,'2015-08-08 00:00:00',3),(125,2,32,6,1,1,1,'07:00:00','19:00:00','IST','07:00:00','07:30:00',1,'1,2,3,4,5,6,7','All days',1,'2015-08-08 00:00:00',0,'2015-08-08 00:00:00',3),(126,2,32,11,1,1,1,'07:00:00','19:00:00','IST','07:00:00','07:30:00',1,'1,2,3,4,5,6,7','All days',1,'2015-08-08 00:00:00',0,'2015-08-08 00:00:00',3),(127,2,32,1,1,1,1,'07:00:00','19:00:00','IST','07:00:00','07:30:00',1,'1,2,3,4,5','from service Weekdays 7am to 7pm',1,'2015-08-08 00:00:00',3,'2015-08-08 00:00:00',3),(128,2,32,1,1,1,1,'07:00:00','19:00:00','IST','07:00:00','07:30:00',1,'1,2,3,4,5','from service Weekdays 7am to 7pm',1,'2015-08-08 00:00:00',3,'2015-08-08 00:00:00',3),(129,2,33,1,1,1,1,'07:00:00','19:00:00','IST','07:00:00','07:30:00',1,'1,2,3,4,5','Weekdays 7am to 7pm',1,'2015-08-08 00:00:00',3,'2015-08-08 00:00:00',3),(130,2,33,1,1,1,1,'07:00:00','19:00:00','IST','07:00:00','07:30:00',1,'6','Saturday 10am to 4pm',1,'2015-08-08 00:00:00',0,'2015-08-08 00:00:00',3),(131,2,33,13,1,1,1,'07:00:00','19:00:00','IST','07:00:00','07:30:00',1,'1,2,3,4,5','Weekdays 7am to 7pm',1,'2015-08-08 00:00:00',0,'2015-08-08 00:00:00',3),(132,2,33,13,1,1,1,'07:00:00','19:00:00','IST','07:00:00','07:30:00',1,'6','Saturday 10am to 4pm',1,'2015-08-08 00:00:00',0,'2015-08-08 00:00:00',3),(133,2,33,6,1,1,1,'07:00:00','19:00:00','IST','07:00:00','07:30:00',1,'1,2,3,4,5,6,7','All days',1,'2015-08-08 00:00:00',0,'2015-08-08 00:00:00',3),(134,2,33,11,1,1,1,'07:00:00','19:00:00','IST','07:00:00','07:30:00',1,'1,2,3,4,5,6,7','All days',1,'2015-08-08 00:00:00',0,'2015-08-08 00:00:00',3),(135,2,33,1,1,1,1,'07:00:00','19:00:00','IST','07:00:00','07:30:00',1,'1,2,3,4,5','from service Weekdays 7am to 7pm',1,'2015-08-08 00:00:00',3,'2015-08-08 00:00:00',3),(136,2,33,1,1,1,1,'07:00:00','19:00:00','IST','07:00:00','07:30:00',1,'1,2,3,4,5','from service Weekdays 7am to 7pm',1,'2015-08-08 00:00:00',3,'2015-08-08 00:00:00',3),(137,2,34,1,1,1,1,'07:00:00','19:00:00','IST','07:00:00','07:30:00',1,'1,2,3,4,5','Weekdays 7am to 7pm',1,'2015-08-08 00:00:00',3,'2015-08-08 00:00:00',3),(138,2,34,1,1,1,1,'07:00:00','19:00:00','IST','07:00:00','07:30:00',1,'6','Saturday 10am to 4pm',1,'2015-08-08 00:00:00',0,'2015-08-08 00:00:00',3),(139,2,34,13,1,1,1,'07:00:00','19:00:00','IST','07:00:00','07:30:00',1,'1,2,3,4,5','Weekdays 7am to 7pm',1,'2015-08-08 00:00:00',0,'2015-08-08 00:00:00',3),(140,2,34,13,1,1,1,'07:00:00','19:00:00','IST','07:00:00','07:30:00',1,'6','Saturday 10am to 4pm',1,'2015-08-08 00:00:00',0,'2015-08-08 00:00:00',3),(141,2,34,6,1,1,1,'07:00:00','19:00:00','IST','07:00:00','07:30:00',1,'1,2,3,4,5,6,7','All days',1,'2015-08-08 00:00:00',0,'2015-08-08 00:00:00',3),(142,2,34,11,1,1,1,'07:00:00','19:00:00','IST','07:00:00','07:30:00',1,'1,2,3,4,5,6,7','All days',1,'2015-08-08 00:00:00',0,'2015-08-08 00:00:00',3),(143,2,34,1,1,1,1,'07:00:00','19:00:00','IST','07:00:00','07:30:00',1,'1,2,3,4,5','from service Weekdays 7am to 7pm',1,'2015-08-08 00:00:00',3,'2015-08-08 00:00:00',3),(144,2,34,1,1,1,1,'07:00:00','19:00:00','IST','07:00:00','07:30:00',1,'1,2,3,4,5','from service Weekdays 7am to 7pm',1,'2015-08-08 00:00:00',3,'2015-08-08 00:00:00',3),(145,2,47,1,1,1,1,'07:00:00','19:00:00','IST','07:00:00','07:30:00',1,'1,2,3,4,5','Weekdays 7am to 7pm',1,'2015-08-08 00:00:00',3,'2015-08-08 00:00:00',3),(146,2,47,1,1,1,1,'07:00:00','19:00:00','IST','07:00:00','07:30:00',1,'6','Saturday 10am to 4pm',1,'2015-08-08 00:00:00',0,'2015-08-08 00:00:00',3),(147,2,47,13,1,1,1,'07:00:00','19:00:00','IST','07:00:00','07:30:00',1,'1,2,3,4,5','Weekdays 7am to 7pm',1,'2015-08-08 00:00:00',0,'2015-08-08 00:00:00',3),(148,2,47,13,1,1,1,'07:00:00','19:00:00','IST','07:00:00','07:30:00',1,'6','Saturday 10am to 4pm',1,'2015-08-08 00:00:00',0,'2015-08-08 00:00:00',3),(149,2,47,6,1,1,1,'07:00:00','19:00:00','IST','07:00:00','07:30:00',1,'1,2,3,4,5,6,7','All days',1,'2015-08-08 00:00:00',0,'2015-08-08 00:00:00',3),(150,2,47,11,1,1,1,'07:00:00','19:00:00','IST','07:00:00','07:30:00',1,'1,2,3,4,5,6,7','All days',1,'2015-08-08 00:00:00',0,'2015-08-08 00:00:00',3),(151,2,47,1,1,1,1,'07:00:00','19:00:00','IST','07:00:00','07:30:00',1,'1,2,3,4,5','from service Weekdays 7am to 7pm',1,'2015-08-08 00:00:00',3,'2015-08-08 00:00:00',3),(152,2,47,1,1,1,1,'07:00:00','19:00:00','IST','07:00:00','07:30:00',1,'1,2,3,4,5','from service Weekdays 7am to 7pm',1,'2015-08-08 00:00:00',3,'2015-08-08 00:00:00',3),(153,2,48,1,1,1,1,'07:00:00','19:00:00','IST','07:00:00','07:30:00',1,'1,2,3,4,5','Weekdays 7am to 7pm',1,'2015-08-08 00:00:00',3,'2015-08-08 00:00:00',3),(154,2,48,1,1,1,1,'07:00:00','19:00:00','IST','07:00:00','07:30:00',1,'6','Saturday 10am to 4pm',1,'2015-08-08 00:00:00',0,'2015-08-08 00:00:00',3),(155,2,48,13,1,1,1,'07:00:00','19:00:00','IST','07:00:00','07:30:00',1,'1,2,3,4,5','Weekdays 7am to 7pm',1,'2015-08-08 00:00:00',0,'2015-08-08 00:00:00',3),(156,2,48,13,1,1,1,'07:00:00','19:00:00','IST','07:00:00','07:30:00',1,'6','Saturday 10am to 4pm',1,'2015-08-08 00:00:00',0,'2015-08-08 00:00:00',3),(157,2,48,6,1,1,1,'07:00:00','19:00:00','IST','07:00:00','07:30:00',1,'1,2,3,4,5,6,7','All days',1,'2015-08-08 00:00:00',0,'2015-08-08 00:00:00',3),(158,2,48,11,1,1,1,'07:00:00','19:00:00','IST','07:00:00','07:30:00',1,'1,2,3,4,5,6,7','All days',1,'2015-08-08 00:00:00',0,'2015-08-08 00:00:00',3),(159,2,48,1,1,1,1,'07:00:00','19:00:00','IST','07:00:00','07:30:00',1,'1,2,3,4,5','from service Weekdays 7am to 7pm',1,'2015-08-08 00:00:00',3,'2015-08-08 00:00:00',3),(160,2,48,1,1,1,1,'07:00:00','19:00:00','IST','07:00:00','07:30:00',1,'1,2,3,4,5','from service Weekdays 7am to 7pm',1,'2015-08-08 00:00:00',3,'2015-08-08 00:00:00',3),(161,2,49,1,1,1,1,'07:00:00','19:00:00','IST','07:00:00','07:30:00',1,'1,2,3,4,5','Weekdays 7am to 7pm',1,'2015-08-08 00:00:00',3,'2015-08-08 00:00:00',3),(162,2,49,1,1,1,1,'07:00:00','19:00:00','IST','07:00:00','07:30:00',1,'6','Saturday 10am to 4pm',1,'2015-08-08 00:00:00',0,'2015-08-08 00:00:00',3),(163,2,49,13,1,1,1,'07:00:00','19:00:00','IST','07:00:00','07:30:00',1,'1,2,3,4,5','Weekdays 7am to 7pm',1,'2015-08-08 00:00:00',0,'2015-08-08 00:00:00',3),(164,2,49,13,1,1,1,'07:00:00','19:00:00','IST','07:00:00','07:30:00',1,'6','Saturday 10am to 4pm',1,'2015-08-08 00:00:00',0,'2015-08-08 00:00:00',3),(165,2,49,6,1,1,1,'07:00:00','19:00:00','IST','07:00:00','07:30:00',1,'1,2,3,4,5,6,7','All days',1,'2015-08-08 00:00:00',0,'2015-08-08 00:00:00',3),(166,2,49,11,1,1,1,'07:00:00','19:00:00','IST','07:00:00','07:30:00',1,'1,2,3,4,5,6,7','All days',1,'2015-08-08 00:00:00',0,'2015-08-08 00:00:00',3),(167,2,49,1,1,1,1,'07:00:00','19:00:00','IST','07:00:00','07:30:00',1,'1,2,3,4,5','from service Weekdays 7am to 7pm',1,'2015-08-08 00:00:00',3,'2015-08-08 00:00:00',3),(168,2,50,1,1,1,1,'07:00:00','19:00:00','IST','07:00:00','07:30:00',1,'1,2,3,4,5','from service Weekdays 7am to 7pm',1,'2015-08-08 00:00:00',3,'2015-08-08 00:00:00',3),(169,2,50,1,1,1,1,'07:00:00','19:00:00','IST','07:00:00','07:30:00',1,'1,2,3,4,5','Weekdays 7am to 7pm',1,'2015-08-08 00:00:00',3,'2015-08-08 00:00:00',3),(170,2,50,1,1,1,1,'07:00:00','19:00:00','IST','07:00:00','07:30:00',1,'6','Saturday 10am to 4pm',1,'2015-08-08 00:00:00',0,'2015-08-08 00:00:00',3),(171,2,50,13,1,1,1,'07:00:00','19:00:00','IST','07:00:00','07:30:00',1,'1,2,3,4,5','Weekdays 7am to 7pm',1,'2015-08-08 00:00:00',0,'2015-08-08 00:00:00',3),(172,2,50,13,1,1,1,'07:00:00','19:00:00','IST','07:00:00','07:30:00',1,'6','Saturday 10am to 4pm',1,'2015-08-08 00:00:00',0,'2015-08-08 00:00:00',3),(173,2,50,6,1,1,1,'07:00:00','19:00:00','IST','07:00:00','07:30:00',1,'1,2,3,4,5,6,7','All days',1,'2015-08-08 00:00:00',0,'2015-08-08 00:00:00',3),(174,2,50,11,1,1,1,'07:00:00','19:00:00','IST','07:00:00','07:30:00',1,'1,2,3,4,5,6,7','All days',1,'2015-08-08 00:00:00',0,'2015-08-08 00:00:00',3),(175,2,50,1,1,1,1,'07:00:00','19:00:00','IST','07:00:00','07:30:00',1,'1,2,3,4,5','from service Weekdays 7am to 7pm',1,'2015-08-08 00:00:00',3,'2015-08-08 00:00:00',3),(176,2,50,1,1,1,1,'07:00:00','19:00:00','IST','07:00:00','07:30:00',1,'1,2,3,4,5','from service Weekdays 7am to 7pm',1,'2015-08-08 00:00:00',3,'2015-08-08 00:00:00',3),(177,2,51,1,1,1,1,'07:00:00','19:00:00','IST','07:00:00','07:30:00',1,'1,2,3,4,5','Weekdays 7am to 7pm',1,'2015-08-08 00:00:00',3,'2015-08-08 00:00:00',3),(178,2,51,1,1,1,1,'07:00:00','19:00:00','IST','07:00:00','07:30:00',1,'6','Saturday 10am to 4pm',1,'2015-08-08 00:00:00',0,'2015-08-08 00:00:00',3),(179,2,51,13,1,1,1,'07:00:00','19:00:00','IST','07:00:00','07:30:00',1,'1,2,3,4,5','Weekdays 7am to 7pm',1,'2015-08-08 00:00:00',0,'2015-08-08 00:00:00',3),(180,2,51,13,1,1,1,'07:00:00','19:00:00','IST','07:00:00','07:30:00',1,'6','Saturday 10am to 4pm',1,'2015-08-08 00:00:00',0,'2015-08-08 00:00:00',3),(181,2,51,6,1,1,1,'07:00:00','19:00:00','IST','07:00:00','07:30:00',1,'1,2,3,4,5,6,7','All days',1,'2015-08-08 00:00:00',0,'2015-08-08 00:00:00',3),(182,2,51,11,1,1,1,'07:00:00','19:00:00','IST','07:00:00','07:30:00',1,'1,2,3,4,5,6,7','All days',1,'2015-08-08 00:00:00',0,'2015-08-08 00:00:00',3),(183,2,51,1,1,1,1,'07:00:00','19:00:00','IST','07:00:00','07:30:00',1,'1,2,3,4,5','from service Weekdays 7am to 7pm',1,'2015-08-08 00:00:00',3,'2015-08-08 00:00:00',3),(184,2,51,1,1,1,1,'07:00:00','19:00:00','IST','07:00:00','07:30:00',1,'1,2,3,4,5','from service Weekdays 7am to 7pm',1,'2015-08-08 00:00:00',3,'2015-08-08 00:00:00',3),(185,2,52,1,1,1,1,'07:00:00','19:00:00','IST','07:00:00','07:30:00',1,'1,2,3,4,5','Weekdays 7am to 7pm',1,'2015-08-08 00:00:00',3,'2015-08-08 00:00:00',3),(186,2,52,1,1,1,1,'07:00:00','19:00:00','IST','07:00:00','07:30:00',1,'6','Saturday 10am to 4pm',1,'2015-08-08 00:00:00',0,'2015-08-08 00:00:00',3),(187,2,52,13,1,1,1,'07:00:00','19:00:00','IST','07:00:00','07:30:00',1,'1,2,3,4,5','Weekdays 7am to 7pm',1,'2015-08-08 00:00:00',0,'2015-08-08 00:00:00',3),(188,2,52,13,1,1,1,'07:00:00','19:00:00','IST','07:00:00','07:30:00',1,'6','Saturday 10am to 4pm',1,'2015-08-08 00:00:00',0,'2015-08-08 00:00:00',3),(189,2,52,6,1,1,1,'07:00:00','19:00:00','IST','07:00:00','07:30:00',1,'1,2,3,4,5,6,7','All days',1,'2015-08-08 00:00:00',0,'2015-08-08 00:00:00',3),(190,2,52,11,1,1,1,'07:00:00','19:00:00','IST','07:00:00','07:30:00',1,'1,2,3,4,5,6,7','All days',1,'2015-08-08 00:00:00',0,'2015-08-08 00:00:00',3),(191,2,52,1,1,1,1,'07:00:00','19:00:00','IST','07:00:00','07:30:00',1,'1,2,3,4,5','from service Weekdays 7am to 7pm',1,'2015-08-08 00:00:00',3,'2015-08-08 00:00:00',3),(192,2,52,1,1,1,1,'07:00:00','19:00:00','IST','07:00:00','07:30:00',1,'1,2,3,4,5','from service Weekdays 7am to 7pm',1,'2015-08-08 00:00:00',3,'2015-08-08 00:00:00',3),(193,2,53,1,1,1,1,'07:00:00','19:00:00','IST','07:00:00','07:30:00',1,'1,2,3,4,5','Weekdays 7am to 7pm',1,'2015-08-08 00:00:00',3,'2015-08-08 00:00:00',3),(194,2,53,1,1,1,1,'07:00:00','19:00:00','IST','07:00:00','07:30:00',1,'6','Saturday 10am to 4pm',1,'2015-08-08 00:00:00',0,'2015-08-08 00:00:00',3),(195,2,53,13,1,1,1,'07:00:00','19:00:00','IST','07:00:00','07:30:00',1,'1,2,3,4,5','Weekdays 7am to 7pm',1,'2015-08-08 00:00:00',0,'2015-08-08 00:00:00',3),(196,2,53,13,1,1,1,'07:00:00','19:00:00','IST','07:00:00','07:30:00',1,'6','Saturday 10am to 4pm',1,'2015-08-08 00:00:00',0,'2015-08-08 00:00:00',3),(197,2,53,6,1,1,1,'07:00:00','19:00:00','IST','07:00:00','07:30:00',1,'1,2,3,4,5,6,7','All days',1,'2015-08-08 00:00:00',0,'2015-08-08 00:00:00',3),(198,2,53,11,1,1,1,'07:00:00','19:00:00','IST','07:00:00','07:30:00',1,'1,2,3,4,5,6,7','All days',1,'2015-08-08 00:00:00',0,'2015-08-08 00:00:00',3),(199,2,53,1,1,1,1,'07:00:00','19:00:00','IST','07:00:00','07:30:00',1,'1,2,3,4,5','from service Weekdays 7am to 7pm',1,'2015-08-08 00:00:00',3,'2015-08-08 00:00:00',3),(200,2,53,1,1,1,1,'07:00:00','19:00:00','IST','07:00:00','07:30:00',1,'1,2,3,4,5','from service Weekdays 7am to 7pm',1,'2015-08-08 00:00:00',3,'2015-08-08 00:00:00',3),(201,2,54,1,1,1,1,'07:00:00','19:00:00','IST','07:00:00','07:30:00',1,'1,2,3,4,5','Weekdays 7am to 7pm',1,'2015-08-08 00:00:00',3,'2015-08-08 00:00:00',3),(202,2,54,1,1,1,1,'07:00:00','19:00:00','IST','07:00:00','07:30:00',1,'6','Saturday 10am to 4pm',1,'2015-08-08 00:00:00',0,'2015-08-08 00:00:00',3),(203,2,54,13,1,1,1,'07:00:00','19:00:00','IST','07:00:00','07:30:00',1,'1,2,3,4,5','Weekdays 7am to 7pm',1,'2015-08-08 00:00:00',0,'2015-08-08 00:00:00',3),(204,2,54,13,1,1,1,'07:00:00','19:00:00','IST','07:00:00','07:30:00',1,'6','Saturday 10am to 4pm',1,'2015-08-08 00:00:00',0,'2015-08-08 00:00:00',3),(205,2,54,6,1,1,1,'07:00:00','19:00:00','IST','07:00:00','07:30:00',1,'1,2,3,4,5,6,7','All days',1,'2015-08-08 00:00:00',0,'2015-08-08 00:00:00',3),(206,2,54,11,1,1,1,'07:00:00','19:00:00','IST','07:00:00','07:30:00',1,'1,2,3,4,5,6,7','All days',1,'2015-08-08 00:00:00',0,'2015-08-08 00:00:00',3),(207,2,54,1,1,1,1,'07:00:00','19:00:00','IST','07:00:00','07:30:00',1,'1,2,3,4,5','from service Weekdays 7am to 7pm',1,'2015-08-08 00:00:00',3,'2015-08-08 00:00:00',3),(208,2,55,1,1,1,1,'07:00:00','19:00:00','IST','07:00:00','07:30:00',1,'1,2,3,4,5','from service Weekdays 7am to 7pm',1,'2015-08-08 00:00:00',3,'2015-08-08 00:00:00',3),(209,2,55,1,1,1,1,'07:00:00','19:00:00','IST','07:00:00','07:30:00',1,'1,2,3,4,5','Weekdays 7am to 7pm',1,'2015-08-08 00:00:00',3,'2015-08-08 00:00:00',3),(210,2,55,1,1,1,1,'07:00:00','19:00:00','IST','07:00:00','07:30:00',1,'6','Saturday 10am to 4pm',1,'2015-08-08 00:00:00',0,'2015-08-08 00:00:00',3),(211,2,55,13,1,1,1,'07:00:00','19:00:00','IST','07:00:00','07:30:00',1,'1,2,3,4,5','Weekdays 7am to 7pm',1,'2015-08-08 00:00:00',0,'2015-08-08 00:00:00',3),(212,2,55,13,1,1,1,'07:00:00','19:00:00','IST','07:00:00','07:30:00',1,'6','Saturday 10am to 4pm',1,'2015-08-08 00:00:00',0,'2015-08-08 00:00:00',3),(213,2,55,6,1,1,1,'07:00:00','19:00:00','IST','07:00:00','07:30:00',1,'1,2,3,4,5,6,7','All days',1,'2015-08-08 00:00:00',0,'2015-08-08 00:00:00',3),(214,2,55,11,1,1,1,'07:00:00','19:00:00','IST','07:00:00','07:30:00',1,'1,2,3,4,5,6,7','All days',1,'2015-08-08 00:00:00',0,'2015-08-08 00:00:00',3),(215,2,55,1,1,1,1,'07:00:00','19:00:00','IST','07:00:00','07:30:00',1,'1,2,3,4,5','from service Weekdays 7am to 7pm',1,'2015-08-08 00:00:00',3,'2015-08-08 00:00:00',3),(216,2,55,1,1,1,1,'07:00:00','19:00:00','IST','07:00:00','07:30:00',1,'1,2,3,4,5','from service Weekdays 7am to 7pm',1,'2015-08-08 00:00:00',3,'2015-08-08 00:00:00',3),(217,2,56,1,1,1,1,'07:00:00','19:00:00','IST','07:00:00','07:30:00',1,'1,2,3,4,5','Weekdays 7am to 7pm',1,'2015-08-08 00:00:00',3,'2015-08-08 00:00:00',3),(218,2,56,1,1,1,1,'07:00:00','19:00:00','IST','07:00:00','07:30:00',1,'6','Saturday 10am to 4pm',1,'2015-08-08 00:00:00',0,'2015-08-08 00:00:00',3),(219,2,56,13,1,1,1,'07:00:00','19:00:00','IST','07:00:00','07:30:00',1,'1,2,3,4,5','Weekdays 7am to 7pm',1,'2015-08-08 00:00:00',0,'2015-08-08 00:00:00',3),(220,2,56,13,1,1,1,'07:00:00','19:00:00','IST','07:00:00','07:30:00',1,'6','Saturday 10am to 4pm',1,'2015-08-08 00:00:00',0,'2015-08-08 00:00:00',3),(221,2,56,6,1,1,1,'07:00:00','19:00:00','IST','07:00:00','07:30:00',1,'1,2,3,4,5,6,7','All days',1,'2015-08-08 00:00:00',0,'2015-08-08 00:00:00',3),(222,2,56,11,1,1,1,'07:00:00','19:00:00','IST','07:00:00','07:30:00',1,'1,2,3,4,5,6,7','All days',1,'2015-08-08 00:00:00',0,'2015-08-08 00:00:00',3),(223,2,56,1,1,1,1,'07:00:00','19:00:00','IST','07:00:00','07:30:00',1,'1,2,3,4,5','from service Weekdays 7am to 7pm',1,'2015-08-08 00:00:00',3,'2015-08-08 00:00:00',3),(224,2,56,1,1,1,1,'07:00:00','19:00:00','IST','07:00:00','07:30:00',1,'1,2,3,4,5','from service Weekdays 7am to 7pm',1,'2015-08-08 00:00:00',3,'2015-08-08 00:00:00',3),(225,2,57,1,1,1,1,'07:00:00','19:00:00','IST','07:00:00','07:30:00',1,'1,2,3,4,5','Weekdays 7am to 7pm',1,'2015-08-08 00:00:00',3,'2015-08-08 00:00:00',3),(226,2,57,1,1,1,1,'07:00:00','19:00:00','IST','07:00:00','07:30:00',1,'6','Saturday 10am to 4pm',1,'2015-08-08 00:00:00',0,'2015-08-08 00:00:00',3),(227,2,57,13,1,1,1,'07:00:00','19:00:00','IST','07:00:00','07:30:00',1,'1,2,3,4,5','Weekdays 7am to 7pm',1,'2015-08-08 00:00:00',0,'2015-08-08 00:00:00',3),(228,2,57,13,1,1,1,'07:00:00','19:00:00','IST','07:00:00','07:30:00',1,'6','Saturday 10am to 4pm',1,'2015-08-08 00:00:00',0,'2015-08-08 00:00:00',3),(229,2,57,6,1,1,1,'07:00:00','19:00:00','IST','07:00:00','07:30:00',1,'1,2,3,4,5,6,7','All days',1,'2015-08-08 00:00:00',0,'2015-08-08 00:00:00',3),(230,2,57,11,1,1,1,'07:00:00','19:00:00','IST','07:00:00','07:30:00',1,'1,2,3,4,5,6,7','All days',1,'2015-08-08 00:00:00',0,'2015-08-08 00:00:00',3),(231,2,57,1,1,1,1,'07:00:00','19:00:00','IST','07:00:00','07:30:00',1,'1,2,3,4,5','from service Weekdays 7am to 7pm',1,'2015-08-08 00:00:00',3,'2015-08-08 00:00:00',3),(232,2,57,1,1,1,1,'07:00:00','19:00:00','IST','07:00:00','07:30:00',1,'1,2,3,4,5','from service Weekdays 7am to 7pm',1,'2015-08-08 00:00:00',3,'2015-08-08 00:00:00',3),(233,2,61,1,1,1,1,'07:00:00','19:00:00','IST','07:00:00','07:30:00',1,'1,2,3,4,5','Weekdays 7am to 7pm',1,'2015-08-08 00:00:00',3,'2015-08-08 00:00:00',3),(234,2,61,1,1,1,1,'07:00:00','19:00:00','IST','07:00:00','07:30:00',1,'6','Saturday 10am to 4pm',1,'2015-08-08 00:00:00',0,'2015-08-08 00:00:00',3),(235,2,61,13,1,1,1,'07:00:00','19:00:00','IST','07:00:00','07:30:00',1,'1,2,3,4,5','Weekdays 7am to 7pm',1,'2015-08-08 00:00:00',0,'2015-08-08 00:00:00',3),(236,2,61,13,1,1,1,'07:00:00','19:00:00','IST','07:00:00','07:30:00',1,'6','Saturday 10am to 4pm',1,'2015-08-08 00:00:00',0,'2015-08-08 00:00:00',3),(237,2,61,6,1,1,1,'07:00:00','19:00:00','IST','07:00:00','07:30:00',1,'1,2,3,4,5,6,7','All days',1,'2015-08-08 00:00:00',0,'2015-08-08 00:00:00',3),(238,2,61,11,1,1,1,'07:00:00','19:00:00','IST','07:00:00','07:30:00',1,'1,2,3,4,5,6,7','All days',1,'2015-08-08 00:00:00',0,'2015-08-08 00:00:00',3),(239,2,61,1,1,1,1,'07:00:00','19:00:00','IST','07:00:00','07:30:00',1,'1,2,3,4,5','from service Weekdays 7am to 7pm',1,'2015-08-08 00:00:00',3,'2015-08-08 00:00:00',3),(240,2,61,1,1,1,1,'07:00:00','19:00:00','IST','07:00:00','07:30:00',1,'1,2,3,4,5','from service Weekdays 7am to 7pm',1,'2015-08-08 00:00:00',3,'2015-08-08 00:00:00',3),(241,2,58,1,1,1,1,'07:00:00','19:00:00','IST','07:00:00','07:30:00',1,'1,2,3,4,5','from service Weekdays 7am to 7pm',1,'2015-08-08 00:00:00',3,'2015-08-08 00:00:00',3),(242,2,58,1,1,1,1,'07:00:00','19:00:00','IST','07:00:00','07:30:00',1,'1,2,3,4,5','Weekdays 7am to 7pm',1,'2015-08-08 00:00:00',3,'2015-08-08 00:00:00',3),(243,2,58,1,1,1,1,'07:00:00','19:00:00','IST','07:00:00','07:30:00',1,'6','Saturday 10am to 4pm',1,'2015-08-08 00:00:00',0,'2015-08-08 00:00:00',3),(244,2,58,13,1,1,1,'07:00:00','19:00:00','IST','07:00:00','07:30:00',1,'1,2,3,4,5','Weekdays 7am to 7pm',1,'2015-08-08 00:00:00',0,'2015-08-08 00:00:00',3),(245,2,58,13,1,1,1,'07:00:00','19:00:00','IST','07:00:00','07:30:00',1,'6','Saturday 10am to 4pm',1,'2015-08-08 00:00:00',0,'2015-08-08 00:00:00',3),(246,2,58,6,1,1,1,'07:00:00','19:00:00','IST','07:00:00','07:30:00',1,'1,2,3,4,5,6,7','All days',1,'2015-08-08 00:00:00',0,'2015-08-08 00:00:00',3),(247,2,58,11,1,1,1,'07:00:00','19:00:00','IST','07:00:00','07:30:00',1,'1,2,3,4,5,6,7','All days',1,'2015-08-08 00:00:00',0,'2015-08-08 00:00:00',3),(248,2,58,1,1,1,1,'07:00:00','19:00:00','IST','07:00:00','07:30:00',1,'1,2,3,4,5','from service Weekdays 7am to 7pm',1,'2015-08-08 00:00:00',3,'2015-08-08 00:00:00',3),(249,2,58,1,1,1,1,'07:00:00','19:00:00','IST','07:00:00','07:30:00',1,'1,2,3,4,5','from service Weekdays 7am to 7pm',1,'2015-08-08 00:00:00',3,'2015-08-08 00:00:00',3),(250,2,65,1,1,1,1,'07:00:00','19:00:00','IST','07:00:00','07:30:00',1,'1,2,3,4,5','Weekdays 7am to 7pm',1,'2015-08-08 00:00:00',3,'2015-08-08 00:00:00',3),(251,2,65,1,1,1,1,'07:00:00','19:00:00','IST','07:00:00','07:30:00',1,'6','Saturday 10am to 4pm',1,'2015-08-08 00:00:00',0,'2015-08-08 00:00:00',3),(252,2,65,13,1,1,1,'07:00:00','19:00:00','IST','07:00:00','07:30:00',1,'1,2,3,4,5','Weekdays 7am to 7pm',1,'2015-08-08 00:00:00',0,'2015-08-08 00:00:00',3),(253,2,65,13,1,1,1,'07:00:00','19:00:00','IST','07:00:00','07:30:00',1,'6','Saturday 10am to 4pm',1,'2015-08-08 00:00:00',0,'2015-08-08 00:00:00',3),(254,2,65,6,1,1,1,'07:00:00','19:00:00','IST','07:00:00','07:30:00',1,'1,2,3,4,5,6,7','All days',1,'2015-08-08 00:00:00',0,'2015-08-08 00:00:00',3),(255,2,65,11,1,1,1,'07:00:00','19:00:00','IST','07:00:00','07:30:00',1,'1,2,3,4,5,6,7','All days',1,'2015-08-08 00:00:00',0,'2015-08-08 00:00:00',3),(256,2,65,1,1,1,1,'07:00:00','19:00:00','IST','07:00:00','07:30:00',1,'1,2,3,4,5','from service Weekdays 7am to 7pm',1,'2015-08-08 00:00:00',3,'2015-08-08 00:00:00',3),(257,2,65,1,1,1,1,'07:00:00','19:00:00','IST','07:00:00','07:30:00',1,'1,2,3,4,5','from service Weekdays 7am to 7pm',1,'2015-08-08 00:00:00',3,'2015-08-08 00:00:00',3),(258,2,66,1,1,1,1,'07:00:00','19:00:00','IST','07:00:00','07:30:00',1,'1,2,3,4,5','Weekdays 7am to 7pm',1,'2015-08-08 00:00:00',3,'2015-08-08 00:00:00',3),(259,2,66,1,1,1,1,'07:00:00','19:00:00','IST','07:00:00','07:30:00',1,'6','Saturday 10am to 4pm',1,'2015-08-08 00:00:00',0,'2015-08-08 00:00:00',3),(260,2,66,13,1,1,1,'07:00:00','19:00:00','IST','07:00:00','07:30:00',1,'1,2,3,4,5','Weekdays 7am to 7pm',1,'2015-08-08 00:00:00',0,'2015-08-08 00:00:00',3),(261,2,66,13,1,1,1,'07:00:00','19:00:00','IST','07:00:00','07:30:00',1,'6','Saturday 10am to 4pm',1,'2015-08-08 00:00:00',0,'2015-08-08 00:00:00',3),(262,2,66,6,1,1,1,'07:00:00','19:00:00','IST','07:00:00','07:30:00',1,'1,2,3,4,5,6,7','All days',1,'2015-08-08 00:00:00',0,'2015-08-08 00:00:00',3),(263,2,66,11,1,1,1,'07:00:00','19:00:00','IST','07:00:00','07:30:00',1,'1,2,3,4,5,6,7','All days',1,'2015-08-08 00:00:00',0,'2015-08-08 00:00:00',3),(264,2,66,1,1,1,1,'07:00:00','19:00:00','IST','07:00:00','07:30:00',1,'1,2,3,4,5','from service Weekdays 7am to 7pm',1,'2015-08-08 00:00:00',3,'2015-08-08 00:00:00',3),(265,2,66,1,1,1,1,'07:00:00','19:00:00','IST','07:00:00','07:30:00',1,'1,2,3,4,5','from service Weekdays 7am to 7pm',1,'2015-08-08 00:00:00',3,'2015-08-08 00:00:00',3),(266,2,67,1,1,1,1,'07:00:00','19:00:00','IST','07:00:00','07:30:00',1,'1,2,3,4,5','Weekdays 7am to 7pm',1,'2015-08-08 00:00:00',3,'2015-08-08 00:00:00',3),(267,2,67,1,1,1,1,'07:00:00','19:00:00','IST','07:00:00','07:30:00',1,'6','Saturday 10am to 4pm',1,'2015-08-08 00:00:00',0,'2015-08-08 00:00:00',3),(268,2,67,13,1,1,1,'07:00:00','19:00:00','IST','07:00:00','07:30:00',1,'1,2,3,4,5','Weekdays 7am to 7pm',1,'2015-08-08 00:00:00',0,'2015-08-08 00:00:00',3),(269,2,67,13,1,1,1,'07:00:00','19:00:00','IST','07:00:00','07:30:00',1,'6','Saturday 10am to 4pm',1,'2015-08-08 00:00:00',0,'2015-08-08 00:00:00',3),(270,2,67,6,1,1,1,'07:00:00','19:00:00','IST','07:00:00','07:30:00',1,'1,2,3,4,5,6,7','All days',1,'2015-08-08 00:00:00',0,'2015-08-08 00:00:00',3),(271,2,67,11,1,1,1,'07:00:00','19:00:00','IST','07:00:00','07:30:00',1,'1,2,3,4,5,6,7','All days',1,'2015-08-08 00:00:00',0,'2015-08-08 00:00:00',3),(272,2,67,1,1,1,1,'07:00:00','19:00:00','IST','07:00:00','07:30:00',1,'1,2,3,4,5','from service Weekdays 7am to 7pm',1,'2015-08-08 00:00:00',3,'2015-08-08 00:00:00',3),(273,2,67,1,1,1,1,'07:00:00','19:00:00','IST','07:00:00','07:30:00',1,'1,2,3,4,5','from service Weekdays 7am to 7pm',1,'2015-08-08 00:00:00',3,'2015-08-08 00:00:00',3),(274,2,68,1,1,1,1,'07:00:00','19:00:00','IST','07:00:00','07:30:00',1,'1,2,3,4,5','from service Weekdays 7am to 7pm',1,'2015-08-08 00:00:00',3,'2015-08-08 00:00:00',3),(275,2,68,1,1,1,1,'07:00:00','19:00:00','IST','07:00:00','07:30:00',1,'1,2,3,4,5','Weekdays 7am to 7pm',1,'2015-08-08 00:00:00',3,'2015-08-08 00:00:00',3),(276,2,68,1,1,1,1,'07:00:00','19:00:00','IST','07:00:00','07:30:00',1,'6','Saturday 10am to 4pm',1,'2015-08-08 00:00:00',0,'2015-08-08 00:00:00',3),(277,2,68,13,1,1,1,'07:00:00','19:00:00','IST','07:00:00','07:30:00',1,'1,2,3,4,5','Weekdays 7am to 7pm',1,'2015-08-08 00:00:00',0,'2015-08-08 00:00:00',3),(278,2,68,13,1,1,1,'07:00:00','19:00:00','IST','07:00:00','07:30:00',1,'6','Saturday 10am to 4pm',1,'2015-08-08 00:00:00',0,'2015-08-08 00:00:00',3),(279,2,68,6,1,1,1,'07:00:00','19:00:00','IST','07:00:00','07:30:00',1,'1,2,3,4,5,6,7','All days',1,'2015-08-08 00:00:00',0,'2015-08-08 00:00:00',3),(280,2,68,11,1,1,1,'07:00:00','19:00:00','IST','07:00:00','07:30:00',1,'1,2,3,4,5,6,7','All days',1,'2015-08-08 00:00:00',0,'2015-08-08 00:00:00',3),(281,2,68,1,1,1,1,'07:00:00','19:00:00','IST','07:00:00','07:30:00',1,'1,2,3,4,5','from service Weekdays 7am to 7pm',1,'2015-08-08 00:00:00',3,'2015-08-08 00:00:00',3),(282,2,68,1,1,1,1,'07:00:00','19:00:00','IST','07:00:00','07:30:00',1,'1,2,3,4,5','from service Weekdays 7am to 7pm',1,'2015-08-08 00:00:00',3,'2015-08-08 00:00:00',3),(283,2,69,1,1,1,1,'07:00:00','19:00:00','IST','07:00:00','07:30:00',1,'1,2,3,4,5','Weekdays 7am to 7pm',1,'2015-08-08 00:00:00',3,'2015-08-08 00:00:00',3),(284,2,69,1,1,1,1,'07:00:00','19:00:00','IST','07:00:00','07:30:00',1,'6','Saturday 10am to 4pm',1,'2015-08-08 00:00:00',0,'2015-08-08 00:00:00',3),(285,2,69,13,1,1,1,'07:00:00','19:00:00','IST','07:00:00','07:30:00',1,'1,2,3,4,5','Weekdays 7am to 7pm',1,'2015-08-08 00:00:00',0,'2015-08-08 00:00:00',3),(286,2,69,13,1,1,1,'07:00:00','19:00:00','IST','07:00:00','07:30:00',1,'6','Saturday 10am to 4pm',1,'2015-08-08 00:00:00',0,'2015-08-08 00:00:00',3),(287,2,69,6,1,1,1,'07:00:00','19:00:00','IST','07:00:00','07:30:00',1,'1,2,3,4,5,6,7','All days',1,'2015-08-08 00:00:00',0,'2015-08-08 00:00:00',3),(288,2,69,11,1,1,1,'07:00:00','19:00:00','IST','07:00:00','07:30:00',1,'1,2,3,4,5,6,7','All days',1,'2015-08-08 00:00:00',0,'2015-08-08 00:00:00',3),(289,2,69,1,1,1,1,'07:00:00','19:00:00','IST','07:00:00','07:30:00',1,'1,2,3,4,5','from service Weekdays 7am to 7pm',1,'2015-08-08 00:00:00',3,'2015-08-08 00:00:00',3),(290,2,69,1,1,1,1,'07:00:00','19:00:00','IST','07:00:00','07:30:00',1,'1,2,3,4,5','from service Weekdays 7am to 7pm',1,'2015-08-08 00:00:00',3,'2015-08-08 00:00:00',3),(291,2,70,1,1,1,1,'07:00:00','19:00:00','IST','07:00:00','07:30:00',1,'1,2,3,4,5','Weekdays 7am to 7pm',1,'2015-08-08 00:00:00',3,'2015-08-08 00:00:00',3),(292,2,70,1,1,1,1,'07:00:00','19:00:00','IST','07:00:00','07:30:00',1,'6','Saturday 10am to 4pm',1,'2015-08-08 00:00:00',0,'2015-08-08 00:00:00',3),(293,2,70,13,1,1,1,'07:00:00','19:00:00','IST','07:00:00','07:30:00',1,'1,2,3,4,5','Weekdays 7am to 7pm',1,'2015-08-08 00:00:00',0,'2015-08-08 00:00:00',3),(294,2,70,13,1,1,1,'07:00:00','19:00:00','IST','07:00:00','07:30:00',1,'6','Saturday 10am to 4pm',1,'2015-08-08 00:00:00',0,'2015-08-08 00:00:00',3),(295,2,70,6,1,1,1,'07:00:00','19:00:00','IST','07:00:00','07:30:00',1,'1,2,3,4,5,6,7','All days',1,'2015-08-08 00:00:00',0,'2015-08-08 00:00:00',3),(296,2,70,11,1,1,1,'07:00:00','19:00:00','IST','07:00:00','07:30:00',1,'1,2,3,4,5,6,7','All days',1,'2015-08-08 00:00:00',0,'2015-08-08 00:00:00',3),(297,2,70,1,1,1,1,'07:00:00','19:00:00','IST','07:00:00','07:30:00',1,'1,2,3,4,5','from service Weekdays 7am to 7pm',1,'2015-08-08 00:00:00',3,'2015-08-08 00:00:00',3),(298,2,70,1,1,1,1,'07:00:00','19:00:00','IST','07:00:00','07:30:00',1,'1,2,3,4,5','from service Weekdays 7am to 7pm',1,'2015-08-08 00:00:00',3,'2015-08-08 00:00:00',3),(299,2,71,1,1,1,1,'07:00:00','19:00:00','IST','07:00:00','07:30:00',1,'1,2,3,4,5','Weekdays 7am to 7pm',1,'2015-08-08 00:00:00',3,'2015-08-08 00:00:00',3),(300,2,71,1,1,1,1,'07:00:00','19:00:00','IST','07:00:00','07:30:00',1,'6','Saturday 10am to 4pm',1,'2015-08-08 00:00:00',0,'2015-08-08 00:00:00',3),(301,2,71,13,1,1,1,'07:00:00','19:00:00','IST','07:00:00','07:30:00',1,'1,2,3,4,5','Weekdays 7am to 7pm',1,'2015-08-08 00:00:00',0,'2015-08-08 00:00:00',3),(302,2,71,13,1,1,1,'07:00:00','19:00:00','IST','07:00:00','07:30:00',1,'6','Saturday 10am to 4pm',1,'2015-08-08 00:00:00',0,'2015-08-08 00:00:00',3),(303,2,71,6,1,1,1,'07:00:00','19:00:00','IST','07:00:00','07:30:00',1,'1,2,3,4,5,6,7','All days',1,'2015-08-08 00:00:00',0,'2015-08-08 00:00:00',3),(304,2,71,11,1,1,1,'07:00:00','19:00:00','IST','07:00:00','07:30:00',1,'1,2,3,4,5,6,7','All days',1,'2015-08-08 00:00:00',0,'2015-08-08 00:00:00',3),(305,2,71,1,1,1,1,'07:00:00','19:00:00','IST','07:00:00','07:30:00',1,'1,2,3,4,5','from service Weekdays 7am to 7pm',1,'2015-08-08 00:00:00',3,'2015-08-08 00:00:00',3),(306,2,71,1,1,1,1,'07:00:00','19:00:00','IST','07:00:00','07:30:00',1,'1,2,3,4,5','from service Weekdays 7am to 7pm',1,'2015-08-08 00:00:00',3,'2015-08-08 00:00:00',3),(307,2,72,1,1,1,1,'07:00:00','19:00:00','IST','07:00:00','07:30:00',1,'1,2,3,4,5','from service Weekdays 7am to 7pm',1,'2015-08-08 00:00:00',3,'2015-08-08 00:00:00',3),(308,2,72,1,1,1,1,'07:00:00','19:00:00','IST','07:00:00','07:30:00',1,'1,2,3,4,5','Weekdays 7am to 7pm',1,'2015-08-08 00:00:00',3,'2015-08-08 00:00:00',3),(309,2,72,1,1,1,1,'07:00:00','19:00:00','IST','07:00:00','07:30:00',1,'6','Saturday 10am to 4pm',1,'2015-08-08 00:00:00',0,'2015-08-08 00:00:00',3),(310,2,72,13,1,1,1,'07:00:00','19:00:00','IST','07:00:00','07:30:00',1,'1,2,3,4,5','Weekdays 7am to 7pm',1,'2015-08-08 00:00:00',0,'2015-08-08 00:00:00',3),(311,2,72,13,1,1,1,'07:00:00','19:00:00','IST','07:00:00','07:30:00',1,'6','Saturday 10am to 4pm',1,'2015-08-08 00:00:00',0,'2015-08-08 00:00:00',3),(312,2,72,6,1,1,1,'07:00:00','19:00:00','IST','07:00:00','07:30:00',1,'1,2,3,4,5,6,7','All days',1,'2015-08-08 00:00:00',0,'2015-08-08 00:00:00',3),(313,2,72,11,1,1,1,'07:00:00','19:00:00','IST','07:00:00','07:30:00',1,'1,2,3,4,5,6,7','All days',1,'2015-08-08 00:00:00',0,'2015-08-08 00:00:00',3),(314,2,72,1,1,1,1,'07:00:00','19:00:00','IST','07:00:00','07:30:00',1,'1,2,3,4,5','from service Weekdays 7am to 7pm',1,'2015-08-08 00:00:00',3,'2015-08-08 00:00:00',3),(315,2,72,1,1,1,1,'07:00:00','19:00:00','IST','07:00:00','07:30:00',1,'1,2,3,4,5','from service Weekdays 7am to 7pm',1,'2015-08-08 00:00:00',3,'2015-08-08 00:00:00',3),(316,2,73,1,1,1,1,'07:00:00','19:00:00','IST','07:00:00','07:30:00',1,'1,2,3,4,5','Weekdays 7am to 7pm',1,'2015-08-08 00:00:00',3,'2015-08-08 00:00:00',3),(317,2,73,1,1,1,1,'07:00:00','19:00:00','IST','07:00:00','07:30:00',1,'6','Saturday 10am to 4pm',1,'2015-08-08 00:00:00',0,'2015-08-08 00:00:00',3),(318,2,73,13,1,1,1,'07:00:00','19:00:00','IST','07:00:00','07:30:00',1,'1,2,3,4,5','Weekdays 7am to 7pm',1,'2015-08-08 00:00:00',0,'2015-08-08 00:00:00',3),(319,2,73,13,1,1,1,'07:00:00','19:00:00','IST','07:00:00','07:30:00',1,'6','Saturday 10am to 4pm',1,'2015-08-08 00:00:00',0,'2015-08-08 00:00:00',3),(320,2,73,6,1,1,1,'07:00:00','19:00:00','IST','07:00:00','07:30:00',1,'1,2,3,4,5,6,7','All days',1,'2015-08-08 00:00:00',0,'2015-08-08 00:00:00',3),(321,2,73,11,1,1,1,'07:00:00','19:00:00','IST','07:00:00','07:30:00',1,'1,2,3,4,5,6,7','All days',1,'2015-08-08 00:00:00',0,'2015-08-08 00:00:00',3),(322,2,73,1,1,1,1,'07:00:00','19:00:00','IST','07:00:00','07:30:00',1,'1,2,3,4,5','from service Weekdays 7am to 7pm',1,'2015-08-08 00:00:00',3,'2015-08-08 00:00:00',3),(323,2,73,1,1,1,1,'07:00:00','19:00:00','IST','07:00:00','07:30:00',1,'1,2,3,4,5','from service Weekdays 7am to 7pm',1,'2015-08-08 00:00:00',3,'2015-08-08 00:00:00',3),(324,2,74,1,1,1,1,'07:00:00','19:00:00','IST','07:00:00','07:30:00',1,'1,2,3,4,5','Weekdays 7am to 7pm',1,'2015-08-08 00:00:00',3,'2015-08-08 00:00:00',3),(325,2,74,1,1,1,1,'07:00:00','19:00:00','IST','07:00:00','07:30:00',1,'6','Saturday 10am to 4pm',1,'2015-08-08 00:00:00',0,'2015-08-08 00:00:00',3),(326,2,74,13,1,1,1,'07:00:00','19:00:00','IST','07:00:00','07:30:00',1,'1,2,3,4,5','Weekdays 7am to 7pm',1,'2015-08-08 00:00:00',0,'2015-08-08 00:00:00',3),(327,2,74,13,1,1,1,'07:00:00','19:00:00','IST','07:00:00','07:30:00',1,'6','Saturday 10am to 4pm',1,'2015-08-08 00:00:00',0,'2015-08-08 00:00:00',3),(328,2,74,6,1,1,1,'07:00:00','19:00:00','IST','07:00:00','07:30:00',1,'1,2,3,4,5,6,7','All days',1,'2015-08-08 00:00:00',0,'2015-08-08 00:00:00',3),(329,2,74,11,1,1,1,'07:00:00','19:00:00','IST','07:00:00','07:30:00',1,'1,2,3,4,5,6,7','All days',1,'2015-08-08 00:00:00',0,'2015-08-08 00:00:00',3),(330,2,74,1,1,1,1,'07:00:00','19:00:00','IST','07:00:00','07:30:00',1,'1,2,3,4,5','from service Weekdays 7am to 7pm',1,'2015-08-08 00:00:00',3,'2015-08-08 00:00:00',3),(331,2,74,1,1,1,1,'07:00:00','19:00:00','IST','07:00:00','07:30:00',1,'1,2,3,4,5','from service Weekdays 7am to 7pm',1,'2015-08-08 00:00:00',3,'2015-08-08 00:00:00',3),(332,2,75,1,1,1,1,'07:00:00','19:00:00','IST','07:00:00','07:30:00',1,'1,2,3,4,5','Weekdays 7am to 7pm',1,'2015-08-08 00:00:00',3,'2015-08-08 00:00:00',3),(333,2,75,1,1,1,1,'07:00:00','19:00:00','IST','07:00:00','07:30:00',1,'6','Saturday 10am to 4pm',1,'2015-08-08 00:00:00',0,'2015-08-08 00:00:00',3),(334,2,75,13,1,1,1,'07:00:00','19:00:00','IST','07:00:00','07:30:00',1,'1,2,3,4,5','Weekdays 7am to 7pm',1,'2015-08-08 00:00:00',0,'2015-08-08 00:00:00',3),(335,2,75,13,1,1,1,'07:00:00','19:00:00','IST','07:00:00','07:30:00',1,'6','Saturday 10am to 4pm',1,'2015-08-08 00:00:00',0,'2015-08-08 00:00:00',3),(336,2,75,6,1,1,1,'07:00:00','19:00:00','IST','07:00:00','07:30:00',1,'1,2,3,4,5,6,7','All days',1,'2015-08-08 00:00:00',0,'2015-08-08 00:00:00',3),(337,2,75,11,1,1,1,'07:00:00','19:00:00','IST','07:00:00','07:30:00',1,'1,2,3,4,5,6,7','All days',1,'2015-08-08 00:00:00',0,'2015-08-08 00:00:00',3),(338,2,75,1,1,1,1,'07:00:00','19:00:00','IST','07:00:00','07:30:00',1,'1,2,3,4,5','from service Weekdays 7am to 7pm',1,'2015-08-08 00:00:00',3,'2015-08-08 00:00:00',3),(339,2,75,1,1,1,1,'07:00:00','19:00:00','IST','07:00:00','07:30:00',1,'1,2,3,4,5','from service Weekdays 7am to 7pm',1,'2015-08-08 00:00:00',3,'2015-08-08 00:00:00',3),(340,2,76,1,1,1,1,'07:00:00','19:00:00','IST','07:00:00','07:30:00',1,'1,2,3,4,5','Weekdays 7am to 7pm',1,'2015-08-08 00:00:00',3,'2015-08-08 00:00:00',3),(341,2,76,1,1,1,1,'07:00:00','19:00:00','IST','07:00:00','07:30:00',1,'6','Saturday 10am to 4pm',1,'2015-08-08 00:00:00',0,'2015-08-08 00:00:00',3),(342,2,76,13,1,1,1,'07:00:00','19:00:00','IST','07:00:00','07:30:00',1,'1,2,3,4,5','Weekdays 7am to 7pm',1,'2015-08-08 00:00:00',0,'2015-08-08 00:00:00',3),(343,2,76,13,1,1,1,'07:00:00','19:00:00','IST','07:00:00','07:30:00',1,'6','Saturday 10am to 4pm',1,'2015-08-08 00:00:00',0,'2015-08-08 00:00:00',3),(344,2,76,6,1,1,1,'07:00:00','19:00:00','IST','07:00:00','07:30:00',1,'1,2,3,4,5,6,7','All days',1,'2015-08-08 00:00:00',0,'2015-08-08 00:00:00',3),(345,2,76,11,1,1,1,'07:00:00','19:00:00','IST','07:00:00','07:30:00',1,'1,2,3,4,5,6,7','All days',1,'2015-08-08 00:00:00',0,'2015-08-08 00:00:00',3),(346,2,76,1,1,1,1,'07:00:00','19:00:00','IST','07:00:00','07:30:00',1,'1,2,3,4,5','from service Weekdays 7am to 7pm',1,'2015-08-08 00:00:00',3,'2015-08-08 00:00:00',3),(347,2,76,1,1,1,1,'07:00:00','19:00:00','IST','07:00:00','07:30:00',1,'1,2,3,4,5','from service Weekdays 7am to 7pm',1,'2015-08-08 00:00:00',3,'2015-08-08 00:00:00',3),(348,2,77,1,1,1,1,'07:00:00','19:00:00','IST','07:00:00','07:30:00',1,'1,2,3,4,5','Weekdays 7am to 7pm',1,'2015-08-08 00:00:00',3,'2015-08-08 00:00:00',3),(349,2,77,1,1,1,1,'07:00:00','19:00:00','IST','07:00:00','07:30:00',1,'6','Saturday 10am to 4pm',1,'2015-08-08 00:00:00',0,'2015-08-08 00:00:00',3),(350,2,77,13,1,1,1,'07:00:00','19:00:00','IST','07:00:00','07:30:00',1,'1,2,3,4,5','Weekdays 7am to 7pm',1,'2015-08-08 00:00:00',0,'2015-08-08 00:00:00',3),(351,2,77,13,1,1,1,'07:00:00','19:00:00','IST','07:00:00','07:30:00',1,'6','Saturday 10am to 4pm',1,'2015-08-08 00:00:00',0,'2015-08-08 00:00:00',3),(352,2,77,6,1,1,1,'07:00:00','19:00:00','IST','07:00:00','07:30:00',1,'1,2,3,4,5,6,7','All days',1,'2015-08-08 00:00:00',0,'2015-08-08 00:00:00',3),(353,2,77,11,1,1,1,'07:00:00','19:00:00','IST','07:00:00','07:30:00',1,'1,2,3,4,5,6,7','All days',1,'2015-08-08 00:00:00',0,'2015-08-08 00:00:00',3),(354,2,77,1,1,1,1,'07:00:00','19:00:00','IST','07:00:00','07:30:00',1,'1,2,3,4,5','from service Weekdays 7am to 7pm',1,'2015-08-08 00:00:00',3,'2015-08-08 00:00:00',3),(355,2,77,1,1,1,1,'07:00:00','19:00:00','IST','07:00:00','07:30:00',1,'1,2,3,4,5','from service Weekdays 7am to 7pm',1,'2015-08-08 00:00:00',3,'2015-08-08 00:00:00',3),(356,2,78,1,1,1,1,'07:00:00','19:00:00','IST','07:00:00','07:30:00',1,'1,2,3,4,5','Weekdays 7am to 7pm',1,'2015-08-08 00:00:00',3,'2015-08-08 00:00:00',3),(357,2,78,1,1,1,1,'07:00:00','19:00:00','IST','07:00:00','07:30:00',1,'6','Saturday 10am to 4pm',1,'2015-08-08 00:00:00',0,'2015-08-08 00:00:00',3),(358,2,78,13,1,1,1,'07:00:00','19:00:00','IST','07:00:00','07:30:00',1,'1,2,3,4,5','Weekdays 7am to 7pm',1,'2015-08-08 00:00:00',0,'2015-08-08 00:00:00',3),(359,2,78,13,1,1,1,'07:00:00','19:00:00','IST','07:00:00','07:30:00',1,'6','Saturday 10am to 4pm',1,'2015-08-08 00:00:00',0,'2015-08-08 00:00:00',3),(360,2,78,6,1,1,1,'07:00:00','19:00:00','IST','07:00:00','07:30:00',1,'1,2,3,4,5,6,7','All days',1,'2015-08-08 00:00:00',0,'2015-08-08 00:00:00',3),(361,2,78,11,1,1,1,'07:00:00','19:00:00','IST','07:00:00','07:30:00',1,'1,2,3,4,5,6,7','All days',1,'2015-08-08 00:00:00',0,'2015-08-08 00:00:00',3),(362,2,78,1,1,1,1,'07:00:00','19:00:00','IST','07:00:00','07:30:00',1,'1,2,3,4,5','from service Weekdays 7am to 7pm',1,'2015-08-08 00:00:00',3,'2015-08-08 00:00:00',3),(363,2,78,1,1,1,1,'07:00:00','19:00:00','IST','07:00:00','07:30:00',1,'1,2,3,4,5','from service Weekdays 7am to 7pm',1,'2015-08-08 00:00:00',3,'2015-08-08 00:00:00',3),(364,2,79,1,1,1,1,'07:00:00','19:00:00','IST','07:00:00','07:30:00',1,'1,2,3,4,5','from service Weekdays 7am to 7pm',1,'2015-08-08 00:00:00',3,'2015-08-08 00:00:00',3),(365,2,79,1,1,1,1,'07:00:00','19:00:00','IST','07:00:00','07:30:00',1,'1,2,3,4,5','Weekdays 7am to 7pm',1,'2015-08-08 00:00:00',3,'2015-08-08 00:00:00',3),(366,2,79,1,1,1,1,'07:00:00','19:00:00','IST','07:00:00','07:30:00',1,'6','Saturday 10am to 4pm',1,'2015-08-08 00:00:00',0,'2015-08-08 00:00:00',3),(367,2,79,13,1,1,1,'07:00:00','19:00:00','IST','07:00:00','07:30:00',1,'1,2,3,4,5','Weekdays 7am to 7pm',1,'2015-08-08 00:00:00',0,'2015-08-08 00:00:00',3),(368,2,79,13,1,1,1,'07:00:00','19:00:00','IST','07:00:00','07:30:00',1,'6','Saturday 10am to 4pm',1,'2015-08-08 00:00:00',0,'2015-08-08 00:00:00',3),(369,2,79,6,1,1,1,'07:00:00','19:00:00','IST','07:00:00','07:30:00',1,'1,2,3,4,5,6,7','All days',1,'2015-08-08 00:00:00',0,'2015-08-08 00:00:00',3),(370,2,79,11,1,1,1,'07:00:00','19:00:00','IST','07:00:00','07:30:00',1,'1,2,3,4,5,6,7','All days',1,'2015-08-08 00:00:00',0,'2015-08-08 00:00:00',3),(371,2,79,1,1,1,1,'07:00:00','19:00:00','IST','07:00:00','07:30:00',1,'1,2,3,4,5','from service Weekdays 7am to 7pm',1,'2015-08-08 00:00:00',3,'2015-08-08 00:00:00',3),(372,2,79,1,1,1,1,'07:00:00','19:00:00','IST','07:00:00','07:30:00',1,'1,2,3,4,5','from service Weekdays 7am to 7pm',1,'2015-08-08 00:00:00',3,'2015-08-08 00:00:00',3),(373,2,80,1,1,1,1,'07:00:00','19:00:00','IST','07:00:00','07:30:00',1,'1,2,3,4,5','Weekdays 7am to 7pm',1,'2015-08-08 00:00:00',3,'2015-08-08 00:00:00',3),(374,2,80,1,1,1,1,'07:00:00','19:00:00','IST','07:00:00','07:30:00',1,'6','Saturday 10am to 4pm',1,'2015-08-08 00:00:00',0,'2015-08-08 00:00:00',3),(375,2,80,13,1,1,1,'07:00:00','19:00:00','IST','07:00:00','07:30:00',1,'1,2,3,4,5','Weekdays 7am to 7pm',1,'2015-08-08 00:00:00',0,'2015-08-08 00:00:00',3),(376,2,80,13,1,1,1,'07:00:00','19:00:00','IST','07:00:00','07:30:00',1,'6','Saturday 10am to 4pm',1,'2015-08-08 00:00:00',0,'2015-08-08 00:00:00',3),(377,2,80,6,1,1,1,'07:00:00','19:00:00','IST','07:00:00','07:30:00',1,'1,2,3,4,5,6,7','All days',1,'2015-08-08 00:00:00',0,'2015-08-08 00:00:00',3),(378,2,80,11,1,1,1,'07:00:00','19:00:00','IST','07:00:00','07:30:00',1,'1,2,3,4,5,6,7','All days',1,'2015-08-08 00:00:00',0,'2015-08-08 00:00:00',3),(379,2,80,1,1,1,1,'07:00:00','19:00:00','IST','07:00:00','07:30:00',1,'1,2,3,4,5','from service Weekdays 7am to 7pm',1,'2015-08-08 00:00:00',3,'2015-08-08 00:00:00',3),(380,2,80,1,1,1,1,'07:00:00','19:00:00','IST','07:00:00','07:30:00',1,'1,2,3,4,5','from service Weekdays 7am to 7pm',1,'2015-08-08 00:00:00',3,'2015-08-08 00:00:00',3),(381,2,81,1,1,1,1,'07:00:00','19:00:00','IST','07:00:00','07:30:00',1,'1,2,3,4,5','Weekdays 7am to 7pm',1,'2015-08-08 00:00:00',3,'2015-08-08 00:00:00',3),(382,2,81,1,1,1,1,'07:00:00','19:00:00','IST','07:00:00','07:30:00',1,'6','Saturday 10am to 4pm',1,'2015-08-08 00:00:00',0,'2015-08-08 00:00:00',3),(383,2,81,13,1,1,1,'07:00:00','19:00:00','IST','07:00:00','07:30:00',1,'1,2,3,4,5','Weekdays 7am to 7pm',1,'2015-08-08 00:00:00',0,'2015-08-08 00:00:00',3),(384,2,81,13,1,1,1,'07:00:00','19:00:00','IST','07:00:00','07:30:00',1,'6','Saturday 10am to 4pm',1,'2015-08-08 00:00:00',0,'2015-08-08 00:00:00',3),(385,2,81,6,1,1,1,'07:00:00','19:00:00','IST','07:00:00','07:30:00',1,'1,2,3,4,5,6,7','All days',1,'2015-08-08 00:00:00',0,'2015-08-08 00:00:00',3),(386,2,81,11,1,1,1,'07:00:00','19:00:00','IST','07:00:00','07:30:00',1,'1,2,3,4,5,6,7','All days',1,'2015-08-08 00:00:00',0,'2015-08-08 00:00:00',3),(387,2,81,1,1,1,1,'07:00:00','19:00:00','IST','07:00:00','07:30:00',1,'1,2,3,4,5','from service Weekdays 7am to 7pm',1,'2015-08-08 00:00:00',3,'2015-08-08 00:00:00',3),(388,2,81,1,1,1,1,'07:00:00','19:00:00','IST','07:00:00','07:30:00',1,'1,2,3,4,5','from service Weekdays 7am to 7pm',1,'2015-08-08 00:00:00',3,'2015-08-08 00:00:00',3),(389,2,84,1,1,1,1,'07:00:00','19:00:00','IST','07:00:00','07:30:00',1,'1,2,3,4,5','Weekdays 7am to 7pm',1,'2015-08-08 00:00:00',3,'2015-08-08 00:00:00',3),(390,2,84,1,1,1,1,'07:00:00','19:00:00','IST','07:00:00','07:30:00',1,'6','Saturday 10am to 4pm',1,'2015-08-08 00:00:00',0,'2015-08-08 00:00:00',3),(391,2,84,13,1,1,1,'07:00:00','19:00:00','IST','07:00:00','07:30:00',1,'1,2,3,4,5','Weekdays 7am to 7pm',1,'2015-08-08 00:00:00',0,'2015-08-08 00:00:00',3),(392,2,84,13,1,1,1,'07:00:00','19:00:00','IST','07:00:00','07:30:00',1,'6','Saturday 10am to 4pm',1,'2015-08-08 00:00:00',0,'2015-08-08 00:00:00',3),(393,2,84,6,1,1,1,'07:00:00','19:00:00','IST','07:00:00','07:30:00',1,'1,2,3,4,5,6,7','All days',1,'2015-08-08 00:00:00',0,'2015-08-08 00:00:00',3),(394,2,84,11,1,1,1,'07:00:00','19:00:00','IST','07:00:00','07:30:00',1,'1,2,3,4,5,6,7','All days',1,'2015-08-08 00:00:00',0,'2015-08-08 00:00:00',3),(395,2,84,1,1,1,1,'07:00:00','19:00:00','IST','07:00:00','07:30:00',1,'1,2,3,4,5','from service Weekdays 7am to 7pm',1,'2015-08-08 00:00:00',3,'2015-08-08 00:00:00',3),(396,2,84,1,1,1,1,'07:00:00','19:00:00','IST','07:00:00','07:30:00',1,'1,2,3,4,5','from service Weekdays 7am to 7pm',1,'2015-08-08 00:00:00',3,'2015-08-08 00:00:00',3),(397,2,88,5,1,1,1,'15:17:00','17:17:00','IST','15:17:00','16:17:00',1,'7,6,5,4,3,2,1','All Days',1,'2015-09-13 15:22:46',88,'2015-09-13 15:22:46',88),(398,2,3,1,1,1,1,'16:20:00','19:20:00','IST','16:20:00','17:20:00',1,'7','Sunday',1,'2015-09-13 16:21:04',3,'2015-09-13 16:21:04',3);
/*!40000 ALTER TABLE `vtrdt` ENABLE KEYS */;
UNLOCK TABLES;

--
-- Table structure for table `vtrmt`
--

DROP TABLE IF EXISTS `vtrmt`;
/*!40101 SET @saved_cs_client     = @@character_set_client */;
/*!40101 SET character_set_client = utf8 */;
CREATE TABLE `vtrmt` (
  `VTRMI` bigint(16) NOT NULL AUTO_INCREMENT COMMENT 'Vendor Rule Master ID',
  `VSUID` bigint(16) DEFAULT NULL COMMENT 'Vendor User ID',
  `VUTID` bigint(16) DEFAULT NULL COMMENT 'Vendor User Type ID',
  `CUSID` bigint(16) DEFAULT NULL COMMENT 'Consumer ID',
  `CUTID` bigint(16) DEFAULT NULL COMMENT 'Custer User Type ID',
  `ETYID` int(4) DEFAULT NULL,
  `ETCID` int(4) DEFAULT NULL,
  `ENTID` int(4) DEFAULT NULL COMMENT 'Entity ID',
  `RULID` int(3) NOT NULL COMMENT 'Rule ID',
  `BDTIM` datetime DEFAULT NULL COMMENT 'Booking Date Time',
  `BTIMZ` char(10) DEFAULT NULL COMMENT 'Booking Time Zone',
  `BOSTM` time DEFAULT NULL COMMENT 'Booking Offer Start Time Slot',
  `BOETM` time DEFAULT NULL COMMENT 'Booking Offer  End Time Slot ',
  `RTYPE` smallint(6) DEFAULT NULL COMMENT 'Recurrsion Type',
  `STATS` smallint(6) DEFAULT NULL COMMENT 'Status of Booking',
  `ACTIV` tinyint(1) NOT NULL DEFAULT '1' COMMENT 'Active Flag',
  `CRTDT` datetime NOT NULL COMMENT 'Created Date',
  `CRTBY` bigint(16) NOT NULL COMMENT 'Created By',
  `CHNDT` datetime DEFAULT NULL COMMENT 'Changed Date',
  `CHNBY` bigint(16) DEFAULT NULL COMMENT 'Changed By',
  PRIMARY KEY (`VTRMI`),
  KEY `ENTID` (`ENTID`),
  KEY `RULID` (`RULID`),
  CONSTRAINT `vtrmt_ibfk_1` FOREIGN KEY (`ENTID`) REFERENCES `entmt` (`ENTID`),
  CONSTRAINT `vtrmt_ibfk_2` FOREIGN KEY (`RULID`) REFERENCES `rulmt` (`RULID`)
) ENGINE=InnoDB AUTO_INCREMENT=23 DEFAULT CHARSET=latin1;
/*!40101 SET character_set_client = @saved_cs_client */;

--
-- Dumping data for table `vtrmt`
--

LOCK TABLES `vtrmt` WRITE;
/*!40000 ALTER TABLE `vtrmt` DISABLE KEYS */;
INSERT INTO `vtrmt` VALUES (1,3,2,1001,1,NULL,NULL,1,1,'2015-07-29 00:00:00','IST','08:00:00','08:30:00',0,0,0,'0000-00-00 00:00:00',0,NULL,1),(2,4,2,61,3,1,1,1,1,'2011-07-28 09:00:00','IST','09:00:00','09:00:00',0,0,0,'2015-08-04 10:07:08',61,'2015-08-04 10:07:08',61),(3,4,2,61,3,1,1,1,1,'2011-07-28 09:00:00','IST','09:00:00','09:00:00',0,0,0,'2015-08-04 10:22:19',61,'2015-08-04 10:22:19',10),(4,4,2,61,3,1,1,1,1,'2015-07-28 00:00:00','IST','10:00:00','11:00:00',0,1,1,'2015-08-08 20:40:51',61,'2015-08-08 20:40:51',61),(5,4,2,61,3,1,1,1,1,'2011-07-28 09:00:00','IST','09:00:00','09:00:00',0,1,1,'2015-08-08 20:43:16',61,'2015-08-08 20:43:16',61),(6,3,2,61,3,1,1,1,1,'2015-07-28 00:00:00','IST','09:00:00','09:30:00',0,1,1,'2015-08-08 21:39:19',61,'2015-08-08 21:39:19',61),(7,3,2,60,2,1,1,1,1,'2015-07-28 00:00:00','IST','07:00:00','07:30:00',0,1,1,'2015-08-09 18:28:01',60,'2015-08-09 18:28:01',60),(8,3,2,75,2,1,1,1,1,'2015-07-28 00:00:00','IST','07:30:00','08:00:00',0,1,1,'2015-08-09 20:58:42',75,'2015-08-09 20:58:42',75),(9,3,2,76,2,1,1,1,1,'2015-07-28 00:00:00','IST','08:00:00','08:30:00',0,1,1,'2015-08-09 21:23:25',76,'2015-08-09 21:23:25',76),(10,3,2,77,2,1,1,1,1,'2015-07-28 00:00:00','IST','08:30:00','09:00:00',0,1,1,'2015-08-09 21:33:13',77,'2015-08-09 21:33:13',77),(11,3,2,78,2,1,1,1,1,'2015-07-30 00:00:00','IST','08:30:00','09:00:00',0,1,1,'2015-08-09 21:43:23',78,'2015-08-09 21:43:23',78),(12,3,2,79,2,1,1,1,1,'2015-08-13 00:00:00','IST','08:00:00','08:30:00',0,1,1,'2015-08-16 07:18:21',79,'2015-08-16 07:18:21',79),(13,3,2,81,2,1,1,1,1,'2015-08-18 00:00:00','IST','07:00:00','07:30:00',0,1,1,'2015-08-16 12:51:30',81,'2015-08-16 12:51:30',81),(14,3,2,84,2,1,1,1,1,'2015-08-29 00:00:00','IST','10:00:00','10:15:00',0,1,1,'2015-08-16 16:17:53',84,'2015-08-16 16:17:53',84),(15,3,2,85,2,1,1,1,1,'2015-08-17 00:00:00','IST','08:30:00','09:00:00',0,0,0,'2015-08-16 17:13:06',85,'2015-08-16 17:13:06',85),(16,3,2,85,2,1,1,1,1,'2015-07-27 00:00:00','IST','07:00:00','07:30:00',0,0,0,'2015-08-16 17:16:47',85,'2015-08-16 17:16:47',85),(17,3,2,85,2,1,1,1,1,'2015-08-13 00:00:00','IST','07:00:00','07:30:00',0,1,1,'2015-08-16 17:18:52',85,'2015-08-16 17:18:52',85),(18,3,2,86,2,1,1,1,1,'2015-08-27 00:00:00','IST','08:30:00','09:00:00',0,1,1,'2015-08-23 16:36:57',86,'2015-08-23 16:36:57',86),(19,8,2,86,2,1,1,1,1,'2015-08-26 00:00:00','IST','11:30:00','12:00:00',0,0,0,'2015-08-23 16:37:36',86,'2015-08-23 16:37:36',86),(20,26,2,86,2,1,1,1,1,'2015-08-15 00:00:00','IST','07:30:00','08:00:00',0,0,0,'2015-08-23 16:39:09',86,'2015-08-23 16:39:09',86),(21,8,2,86,2,1,1,11,1,'2015-08-10 00:00:00','IST','08:30:00','09:00:00',0,1,1,'2015-08-23 16:56:46',86,'2015-08-23 16:56:46',86),(22,3,2,85,2,1,1,1,1,'2015-09-01 00:00:00','IST','09:00:00','09:30:00',0,1,1,'2015-08-29 21:52:45',85,'2015-08-29 21:52:45',85);
/*!40000 ALTER TABLE `vtrmt` ENABLE KEYS */;
UNLOCK TABLES;
/*!40103 SET TIME_ZONE=@OLD_TIME_ZONE */;

/*!40101 SET SQL_MODE=@OLD_SQL_MODE */;
/*!40014 SET FOREIGN_KEY_CHECKS=@OLD_FOREIGN_KEY_CHECKS */;
/*!40014 SET UNIQUE_CHECKS=@OLD_UNIQUE_CHECKS */;
/*!40101 SET CHARACTER_SET_CLIENT=@OLD_CHARACTER_SET_CLIENT */;
/*!40101 SET CHARACTER_SET_RESULTS=@OLD_CHARACTER_SET_RESULTS */;
/*!40101 SET COLLATION_CONNECTION=@OLD_COLLATION_CONNECTION */;
/*!40111 SET SQL_NOTES=@OLD_SQL_NOTES */;

-- Dump completed on 2015-09-13 16:23:26
